symbol,isin,active,mainboard,series,instrument_type,surveillance,trade_to_trade,suspended,reference_as_of,source
20MICRONS,INE144J01027,True,True,EQ,EQUITY,,False,False,2026-08-21,https://nsearchives.nseindia.com/content/equities/EQUITY_L.csv
21STCENMGM,INE253B01015,True,True,EQ,EQUITY,,False,False,2026-08-21,https://nsearchives.nseindia.com/content/equities/EQUITY_L.csv
360ONE,INE466L01038,True,True,EQ,EQUITY,,False,False,2026-08-21,https://nsearchives.nseindia.com/content/equities/EQUITY_L.csv
3BBLACKBIO,INE994E01018,True,True,EQ,EQUITY,,False,False,2026-08-21,https://nsearchives.nseindia.com/content/equities/EQUITY_L.csv
3MINDIA,INE470A01017,True,True,EQ,EQUITY,,False,False,2026-08-21,https://nsearchives.nseindia.com/content/equities/EQUITY_L.csv
3PLAND,INE105C01023,True,True,EQ,EQUITY,,False,False,2026-08-21,https://nsearchives.nseindia.com/content/equities/EQUITY_L.csv
5PAISA,INE618L01018,True,True,EQ,EQUITY,,False,False,2026-08-21,https://nsearchives.nseindia.com/content/equities/EQUITY_L.csv
63MOONS,INE111B01023,True,True,EQ,EQUITY,,False,False,2026-08-21,https://nsearchives.nseindia.com/content/equities/EQUITY_L.csv
A2ZINFRA,INE619I01012,True,True,EQ,EQUITY,,False,False,2026-08-21,https://nsearchives.nseindia.com/content/equities/EQUITY_L.csv
AAATECH,INE0D0U01013,True,True,EQ,EQUITY,,False,False,2026-08-21,https://nsearchives.nseindia.com/content/equities/EQUITY_L.csv
AADHARHFC,INE883F01010,True,True,EQ,EQUITY,,False,False,2026-08-21,https://nsearchives.nseindia.com/content/equities/EQUITY_L.csv
AAKASH,INE087Z01024,True,True,EQ,EQUITY,,False,False,2026-08-21,https://nsearchives.nseindia.com/content/equities/EQUITY_L.csv
AAREYDRUGS,INE198H01019,True,True,EQ,EQUITY,,False,False,2026-08-21,https://nsearchives.nseindia.com/content/equities/EQUITY_L.csv
AARON,INE721Z01010,True,True,EQ,EQUITY,,False,False,2026-08-21,https://nsearchives.nseindia.com/content/equities/EQUITY_L.csv
AARTIDRUGS,INE767A01016,True,True,EQ,EQUITY,,False,False,2026-08-21,https://nsearchives.nseindia.com/content/equities/EQUITY_L.csv
AARTIIND,INE769A01020,True,True,EQ,EQUITY,,False,False,2026-08-21,https://nsearchives.nseindia.com/content/equities/EQUITY_L.csv
AARTIPHARM,INE0LRU01027,True,True,EQ,EQUITY,,False,False,2026-08-21,https://nsearchives.nseindia.com/content/equities/EQUITY_L.csv
AARVI,INE754X01016,True,True,EQ,EQUITY,,False,False,2026-08-21,https://nsearchives.nseindia.com/content/equities/EQUITY_L.csv
AASTHA,INE2FMX01012,True,True,EQ,EQUITY,,False,False,2026-08-21,https://nsearchives.nseindia.com/content/equities/EQUITY_L.csv
AAVAS,INE216P01012,True,True,EQ,EQUITY,,False,False,2026-08-21,https://nsearchives.nseindia.com/content/equities/EQUITY_L.csv
ABANSENT,INE365O01028,True,True,EQ,EQUITY,,False,False,2026-08-21,https://nsearchives.nseindia.com/content/equities/EQUITY_L.csv
ABB,INE117A01022,True,True,EQ,EQUITY,,False,False,2026-08-21,https://nsearchives.nseindia.com/content/equities/EQUITY_L.csv
ABBOTINDIA,INE358A01014,True,True,EQ,EQUITY,,False,False,2026-08-21,https://nsearchives.nseindia.com/content/equities/EQUITY_L.csv
ABCAPITAL,INE674K01013,True,True,EQ,EQUITY,,False,False,2026-08-21,https://nsearchives.nseindia.com/content/equities/EQUITY_L.csv
ABCOTS,INE08PH01015,True,True,EQ,EQUITY,,False,False,2026-08-21,https://nsearchives.nseindia.com/content/equities/EQUITY_L.csv
ABDL,INE552Z01027,True,True,EQ,EQUITY,,False,False,2026-08-21,https://nsearchives.nseindia.com/content/equities/EQUITY_L.csv
ABFRL,INE647O01011,True,True,EQ,EQUITY,,False,False,2026-08-21,https://nsearchives.nseindia.com/content/equities/EQUITY_L.csv
ABINFRA,INE00YB01025,True,True,EQ,EQUITY,,False,False,2026-08-21,https://nsearchives.nseindia.com/content/equities/EQUITY_L.csv
ABLBL,INE14LE01019,True,True,EQ,EQUITY,,False,False,2026-08-21,https://nsearchives.nseindia.com/content/equities/EQUITY_L.csv
ABMKNO,INE850B01026,True,True,EQ,EQUITY,,False,False,2026-08-21,https://nsearchives.nseindia.com/content/equities/EQUITY_L.csv
ABREL,INE055A01016,True,True,EQ,EQUITY,,False,False,2026-08-21,https://nsearchives.nseindia.com/content/equities/EQUITY_L.csv
ABSLAMC,INE404A01024,True,True,EQ,EQUITY,,False,False,2026-08-21,https://nsearchives.nseindia.com/content/equities/EQUITY_L.csv
ACC,INE012A01025,True,True,EQ,EQUITY,,False,False,2026-08-21,https://nsearchives.nseindia.com/content/equities/EQUITY_L.csv
ACCELYA,INE793A01012,True,True,EQ,EQUITY,,False,False,2026-08-21,https://nsearchives.nseindia.com/content/equities/EQUITY_L.csv
ACE,INE731H01025,True,True,EQ,EQUITY,,False,False,2026-08-21,https://nsearchives.nseindia.com/content/equities/EQUITY_L.csv
ACEINTEG,INE543V01017,True,True,EQ,EQUITY,,False,False,2026-08-21,https://nsearchives.nseindia.com/content/equities/EQUITY_L.csv
ACGL,INE451C01013,True,True,EQ,EQUITY,,False,False,2026-08-21,https://nsearchives.nseindia.com/content/equities/EQUITY_L.csv
ACI,INE128X01021,True,True,EQ,EQUITY,,False,False,2026-08-21,https://nsearchives.nseindia.com/content/equities/EQUITY_L.csv
ACL,INE666E01020,True,True,EQ,EQUITY,,False,False,2026-08-21,https://nsearchives.nseindia.com/content/equities/EQUITY_L.csv
ACMESOLAR,INE622W01025,True,True,EQ,EQUITY,,False,False,2026-08-21,https://nsearchives.nseindia.com/content/equities/EQUITY_L.csv
ACSTECH,INE366C01021,True,True,EQ,EQUITY,,False,False,2026-08-21,https://nsearchives.nseindia.com/content/equities/EQUITY_L.csv
ACUTAAS,INE00FF01025,True,True,EQ,EQUITY,,False,False,2026-08-21,https://nsearchives.nseindia.com/content/equities/EQUITY_L.csv
ADANIENSOL,INE931S01010,True,True,EQ,EQUITY,,False,False,2026-08-21,https://nsearchives.nseindia.com/content/equities/EQUITY_L.csv
ADANIENT,INE423A01024,True,True,EQ,EQUITY,,False,False,2026-08-21,https://nsearchives.nseindia.com/content/equities/EQUITY_L.csv
ADANIGREEN,INE364U01010,True,True,EQ,EQUITY,,False,False,2026-08-21,https://nsearchives.nseindia.com/content/equities/EQUITY_L.csv
ADANIPORTS,INE742F01042,True,True,EQ,EQUITY,,False,False,2026-08-21,https://nsearchives.nseindia.com/content/equities/EQUITY_L.csv
ADANIPOWER,INE814H01029,True,True,EQ,EQUITY,,False,False,2026-08-21,https://nsearchives.nseindia.com/content/equities/EQUITY_L.csv
ADDIND,INE757C01021,True,True,EQ,EQUITY,,False,False,2026-08-21,https://nsearchives.nseindia.com/content/equities/EQUITY_L.csv
ADFFOODS,INE982B01027,True,True,EQ,EQUITY,,False,False,2026-08-21,https://nsearchives.nseindia.com/content/equities/EQUITY_L.csv
ADL,INE0CHO01012,True,True,EQ,EQUITY,,False,False,2026-08-21,https://nsearchives.nseindia.com/content/equities/EQUITY_L.csv
ADOR,INE045A01017,True,True,EQ,EQUITY,,False,False,2026-08-21,https://nsearchives.nseindia.com/content/equities/EQUITY_L.csv
ADROITINFO,INE737B01033,True,True,EQ,EQUITY,,False,False,2026-08-21,https://nsearchives.nseindia.com/content/equities/EQUITY_L.csv
ADSL,INE102I01027,True,True,EQ,EQUITY,,False,False,2026-08-21,https://nsearchives.nseindia.com/content/equities/EQUITY_L.csv
ADVAIT,INE0ALI01010,True,True,EQ,EQUITY,,False,False,2026-08-21,https://nsearchives.nseindia.com/content/equities/EQUITY_L.csv
ADVANCE,INE1B0W01010,True,True,EQ,EQUITY,,False,False,2026-08-21,https://nsearchives.nseindia.com/content/equities/EQUITY_L.csv
ADVANIHOTR,INE199C01026,True,True,EQ,EQUITY,,False,False,2026-08-21,https://nsearchives.nseindia.com/content/equities/EQUITY_L.csv
ADVENTHTL,INE28GN01010,True,True,EQ,EQUITY,,False,False,2026-08-21,https://nsearchives.nseindia.com/content/equities/EQUITY_L.csv
ADVENZYMES,INE837H01020,True,True,EQ,EQUITY,,False,False,2026-08-21,https://nsearchives.nseindia.com/content/equities/EQUITY_L.csv
ADVIKCA,INE178T01024,True,True,EQ,EQUITY,,False,False,2026-08-21,https://nsearchives.nseindia.com/content/equities/EQUITY_L.csv
AEGISLOG,INE208C01025,True,True,EQ,EQUITY,,False,False,2026-08-21,https://nsearchives.nseindia.com/content/equities/EQUITY_L.csv
AEGISVOPAK,INE0INX01018,True,True,EQ,EQUITY,,False,False,2026-08-21,https://nsearchives.nseindia.com/content/equities/EQUITY_L.csv
AEPL,INE757T01025,True,True,EQ,EQUITY,,False,False,2026-08-21,https://nsearchives.nseindia.com/content/equities/EQUITY_L.csv
AEQUS,INE947N01017,True,True,EQ,EQUITY,,False,False,2026-08-21,https://nsearchives.nseindia.com/content/equities/EQUITY_L.csv
AEROENTER,INE065D01027,True,True,EQ,EQUITY,,False,False,2026-08-21,https://nsearchives.nseindia.com/content/equities/EQUITY_L.csv
AEROFLEX,INE024001021,True,True,EQ,EQUITY,,False,False,2026-08-21,https://nsearchives.nseindia.com/content/equities/EQUITY_L.csv
AERONEU,INE035801013,True,True,EQ,EQUITY,,False,False,2026-08-21,https://nsearchives.nseindia.com/content/equities/EQUITY_L.csv
AEROPLANE,INE05TO01019,True,True,EQ,EQUITY,,False,False,2026-08-21,https://nsearchives.nseindia.com/content/equities/EQUITY_L.csv
AETHER,INE0BWX01014,True,True,EQ,EQUITY,,False,False,2026-08-21,https://nsearchives.nseindia.com/content/equities/EQUITY_L.csv
AFCONS,INE101I01011,True,True,EQ,EQUITY,,False,False,2026-08-21,https://nsearchives.nseindia.com/content/equities/EQUITY_L.csv
AFFLE,INE00WC01027,True,True,EQ,EQUITY,,False,False,2026-08-21,https://nsearchives.nseindia.com/content/equities/EQUITY_L.csv
AFIL,INE916Y01027,True,True,EQ,EQUITY,,False,False,2026-08-21,https://nsearchives.nseindia.com/content/equities/EQUITY_L.csv
AFSL,INE00ZE01026,True,True,EQ,EQUITY,,False,False,2026-08-21,https://nsearchives.nseindia.com/content/equities/EQUITY_L.csv
AGARIND,INE204E01012,True,True,EQ,EQUITY,,False,False,2026-08-21,https://nsearchives.nseindia.com/content/equities/EQUITY_L.csv
AGARWALEYE,INE943P01029,True,True,EQ,EQUITY,,False,False,2026-08-21,https://nsearchives.nseindia.com/content/equities/EQUITY_L.csv
AGI,INE415A01038,True,True,EQ,EQUITY,,False,False,2026-08-21,https://nsearchives.nseindia.com/content/equities/EQUITY_L.csv
AGIIL,INE976R01033,True,True,EQ,EQUITY,,False,False,2026-08-21,https://nsearchives.nseindia.com/content/equities/EQUITY_L.csv
AGL,INE1YPB01014,True,True,EQ,EQUITY,,False,False,2026-08-21,https://nsearchives.nseindia.com/content/equities/EQUITY_L.csv
AGRITECH,INE449G01018,True,True,EQ,EQUITY,,False,False,2026-08-21,https://nsearchives.nseindia.com/content/equities/EQUITY_L.csv
AGROPHOS,INE740V01019,True,True,EQ,EQUITY,,False,False,2026-08-21,https://nsearchives.nseindia.com/content/equities/EQUITY_L.csv
AHCL,INE0Y8W01025,True,True,EQ,EQUITY,,False,False,2026-08-21,https://nsearchives.nseindia.com/content/equities/EQUITY_L.csv
AHLADA,INE00PV01013,True,True,EQ,EQUITY,,False,False,2026-08-21,https://nsearchives.nseindia.com/content/equities/EQUITY_L.csv
AHLEAST,INE926K01017,True,True,EQ,EQUITY,,False,False,2026-08-21,https://nsearchives.nseindia.com/content/equities/EQUITY_L.csv
AHLUCONT,INE758C01029,True,True,EQ,EQUITY,,False,False,2026-08-21,https://nsearchives.nseindia.com/content/equities/EQUITY_L.csv
AIAENG,INE212H01026,True,True,EQ,EQUITY,,False,False,2026-08-21,https://nsearchives.nseindia.com/content/equities/EQUITY_L.csv
AIIL,INE206F01022,True,True,EQ,EQUITY,,False,False,2026-08-21,https://nsearchives.nseindia.com/content/equities/EQUITY_L.csv
AIRAN,INE645W01026,True,True,EQ,EQUITY,,False,False,2026-08-21,https://nsearchives.nseindia.com/content/equities/EQUITY_L.csv
AIROLAM,INE801L01010,True,True,EQ,EQUITY,,False,False,2026-08-21,https://nsearchives.nseindia.com/content/equities/EQUITY_L.csv
AJANTPHARM,INE031B01049,True,True,EQ,EQUITY,,False,False,2026-08-21,https://nsearchives.nseindia.com/content/equities/EQUITY_L.csv
AJAXENGG,INE274Y01021,True,True,EQ,EQUITY,,False,False,2026-08-21,https://nsearchives.nseindia.com/content/equities/EQUITY_L.csv
AJMERA,INE298G01035,True,True,EQ,EQUITY,,False,False,2026-08-21,https://nsearchives.nseindia.com/content/equities/EQUITY_L.csv
AJOONI,INE820Y01021,True,True,EQ,EQUITY,,False,False,2026-08-21,https://nsearchives.nseindia.com/content/equities/EQUITY_L.csv
AKASH,INE737W01013,True,True,EQ,EQUITY,,False,False,2026-08-21,https://nsearchives.nseindia.com/content/equities/EQUITY_L.csv
AKCAPIT,INE701G01012,True,True,EQ,EQUITY,,False,False,2026-08-21,https://nsearchives.nseindia.com/content/equities/EQUITY_L.csv
AKG,INE00Y801016,True,True,EQ,EQUITY,,False,False,2026-08-21,https://nsearchives.nseindia.com/content/equities/EQUITY_L.csv
AKI,INE642Z01026,True,True,EQ,EQUITY,,False,False,2026-08-21,https://nsearchives.nseindia.com/content/equities/EQUITY_L.csv
AKSHAR,INE256Z01025,True,True,EQ,EQUITY,,False,False,2026-08-21,https://nsearchives.nseindia.com/content/equities/EQUITY_L.csv
AKUMS,INE09XN01023,True,True,EQ,EQUITY,,False,False,2026-08-21,https://nsearchives.nseindia.com/content/equities/EQUITY_L.csv
ALANKIT,INE914E01040,True,True,EQ,EQUITY,,False,False,2026-08-21,https://nsearchives.nseindia.com/content/equities/EQUITY_L.csv
ALBERTDAVD,INE155C01010,True,True,EQ,EQUITY,,False,False,2026-08-21,https://nsearchives.nseindia.com/content/equities/EQUITY_L.csv
ALEMBICLTD,INE426A01027,True,True,EQ,EQUITY,,False,False,2026-08-21,https://nsearchives.nseindia.com/content/equities/EQUITY_L.csv
ALFREDHE,INE782D01027,True,True,EQ,EQUITY,,False,False,2026-08-21,https://nsearchives.nseindia.com/content/equities/EQUITY_L.csv
ALGOQUANT,INE598D01035,True,True,EQ,EQUITY,,False,False,2026-08-21,https://nsearchives.nseindia.com/content/equities/EQUITY_L.csv
ALICON,INE062D01024,True,True,EQ,EQUITY,,False,False,2026-08-21,https://nsearchives.nseindia.com/content/equities/EQUITY_L.csv
ALIVUS,INE03Q201024,True,True,EQ,EQUITY,,False,False,2026-08-21,https://nsearchives.nseindia.com/content/equities/EQUITY_L.csv
ALKEM,INE540L01014,True,True,EQ,EQUITY,,False,False,2026-08-21,https://nsearchives.nseindia.com/content/equities/EQUITY_L.csv
ALKYLAMINE,INE150B01039,True,True,EQ,EQUITY,,False,False,2026-08-21,https://nsearchives.nseindia.com/content/equities/EQUITY_L.csv
ALLCARGO,INE418H01029,True,True,EQ,EQUITY,,False,False,2026-08-21,https://nsearchives.nseindia.com/content/equities/EQUITY_L.csv
ALLDIGI,INE835G01018,True,True,EQ,EQUITY,,False,False,2026-08-21,https://nsearchives.nseindia.com/content/equities/EQUITY_L.csv
ALLTIME,INE0GV601021,True,True,EQ,EQUITY,,False,False,2026-08-21,https://nsearchives.nseindia.com/content/equities/EQUITY_L.csv
ALMONDZ,INE326B01035,True,True,EQ,EQUITY,,False,False,2026-08-21,https://nsearchives.nseindia.com/content/equities/EQUITY_L.csv
ALOKINDS,INE270A01029,True,True,EQ,EQUITY,,False,False,2026-08-21,https://nsearchives.nseindia.com/content/equities/EQUITY_L.csv
ALPA,INE385I01010,True,True,EQ,EQUITY,,False,False,2026-08-21,https://nsearchives.nseindia.com/content/equities/EQUITY_L.csv
ALPINETEX,INE1JCQ01037,True,True,EQ,EQUITY,,False,False,2026-08-21,https://nsearchives.nseindia.com/content/equities/EQUITY_L.csv
ALUFLUOR,INE058F01019,True,True,EQ,EQUITY,,False,False,2026-08-21,https://nsearchives.nseindia.com/content/equities/EQUITY_L.csv
AMAGI,INE121R01077,True,True,EQ,EQUITY,,False,False,2026-08-21,https://nsearchives.nseindia.com/content/equities/EQUITY_L.csv
AMAL,INE841D01013,True,True,EQ,EQUITY,,False,False,2026-08-21,https://nsearchives.nseindia.com/content/equities/EQUITY_L.csv
AMARJOTHI,INE484D01012,True,True,EQ,EQUITY,,False,False,2026-08-21,https://nsearchives.nseindia.com/content/equities/EQUITY_L.csv
AMBER,INE371P01015,True,True,EQ,EQUITY,,False,False,2026-08-21,https://nsearchives.nseindia.com/content/equities/EQUITY_L.csv
AMBICAAGAR,INE792B01012,True,True,EQ,EQUITY,,False,False,2026-08-21,https://nsearchives.nseindia.com/content/equities/EQUITY_L.csv
AMBIKCO,INE540G01014,True,True,EQ,EQUITY,,False,False,2026-08-21,https://nsearchives.nseindia.com/content/equities/EQUITY_L.csv
AMBUJACEM,INE079A01024,True,True,EQ,EQUITY,,False,False,2026-08-21,https://nsearchives.nseindia.com/content/equities/EQUITY_L.csv
AMDIND,INE005I01014,True,True,EQ,EQUITY,,False,False,2026-08-21,https://nsearchives.nseindia.com/content/equities/EQUITY_L.csv
AMJLAND,INE606A01024,True,True,EQ,EQUITY,,False,False,2026-08-21,https://nsearchives.nseindia.com/content/equities/EQUITY_L.csv
AMNPLST,INE275D01022,True,True,EQ,EQUITY,,False,False,2026-08-21,https://nsearchives.nseindia.com/content/equities/EQUITY_L.csv
AMRUTANJAN,INE098F01031,True,True,EQ,EQUITY,,False,False,2026-08-21,https://nsearchives.nseindia.com/content/equities/EQUITY_L.csv
ANANDRATHI,INE463V01026,True,True,EQ,EQUITY,,False,False,2026-08-21,https://nsearchives.nseindia.com/content/equities/EQUITY_L.csv
ANANTRAJ,INE242C01024,True,True,EQ,EQUITY,,False,False,2026-08-21,https://nsearchives.nseindia.com/content/equities/EQUITY_L.csv
ANDHRAPAP,INE435A01051,True,True,EQ,EQUITY,,False,False,2026-08-21,https://nsearchives.nseindia.com/content/equities/EQUITY_L.csv
ANDHRSUGAR,INE715B01021,True,True,EQ,EQUITY,,False,False,2026-08-21,https://nsearchives.nseindia.com/content/equities/EQUITY_L.csv
ANDREWYU,INE449C01025,True,True,EQ,EQUITY,,False,False,2026-08-21,https://nsearchives.nseindia.com/content/equities/EQUITY_L.csv
ANGELONE,INE732I01021,True,True,EQ,EQUITY,,False,False,2026-08-21,https://nsearchives.nseindia.com/content/equities/EQUITY_L.csv
ANIKINDS,INE087B01017,True,True,EQ,EQUITY,,False,False,2026-08-21,https://nsearchives.nseindia.com/content/equities/EQUITY_L.csv
ANMOL,INE02AR01019,True,True,EQ,EQUITY,,False,False,2026-08-21,https://nsearchives.nseindia.com/content/equities/EQUITY_L.csv
ANNAPURNA,INE0MGM01017,True,True,EQ,EQUITY,,False,False,2026-08-21,https://nsearchives.nseindia.com/content/equities/EQUITY_L.csv
ANSALBU,INE030C01015,True,True,EQ,EQUITY,,False,False,2026-08-21,https://nsearchives.nseindia.com/content/equities/EQUITY_L.csv
ANTELOPUS,INE818A01017,True,True,EQ,EQUITY,,False,False,2026-08-21,https://nsearchives.nseindia.com/content/equities/EQUITY_L.csv
ANTGRAPHIC,INE414B01021,True,True,EQ,EQUITY,,False,False,2026-08-21,https://nsearchives.nseindia.com/content/equities/EQUITY_L.csv
ANTHEM,INE0CZ201020,True,True,EQ,EQUITY,,False,False,2026-08-21,https://nsearchives.nseindia.com/content/equities/EQUITY_L.csv
ANUHPHR,INE489G01022,True,True,EQ,EQUITY,,False,False,2026-08-21,https://nsearchives.nseindia.com/content/equities/EQUITY_L.csv
ANUP,INE294Z01018,True,True,EQ,EQUITY,,False,False,2026-08-21,https://nsearchives.nseindia.com/content/equities/EQUITY_L.csv
ANURAS,INE930P01018,True,True,EQ,EQUITY,,False,False,2026-08-21,https://nsearchives.nseindia.com/content/equities/EQUITY_L.csv
APARINDS,INE372A01015,True,True,EQ,EQUITY,,False,False,2026-08-21,https://nsearchives.nseindia.com/content/equities/EQUITY_L.csv
APCL,INE071F01012,True,True,EQ,EQUITY,,False,False,2026-08-21,https://nsearchives.nseindia.com/content/equities/EQUITY_L.csv
APCOTEXIND,INE116A01032,True,True,EQ,EQUITY,,False,False,2026-08-21,https://nsearchives.nseindia.com/content/equities/EQUITY_L.csv
APEX,INE346W01013,True,True,EQ,EQUITY,,False,False,2026-08-21,https://nsearchives.nseindia.com/content/equities/EQUITY_L.csv
APLAPOLLO,INE702C01027,True,True,EQ,EQUITY,,False,False,2026-08-21,https://nsearchives.nseindia.com/content/equities/EQUITY_L.csv
APLLTD,INE901L01018,True,True,EQ,EQUITY,,False,False,2026-08-21,https://nsearchives.nseindia.com/content/equities/EQUITY_L.csv
APOLLO,INE713T01028,True,True,EQ,EQUITY,,False,False,2026-08-21,https://nsearchives.nseindia.com/content/equities/EQUITY_L.csv
APOLLOHOSP,INE437A01024,True,True,EQ,EQUITY,,False,False,2026-08-21,https://nsearchives.nseindia.com/content/equities/EQUITY_L.csv
APOLLOPIPE,INE126J01016,True,True,EQ,EQUITY,,False,False,2026-08-21,https://nsearchives.nseindia.com/content/equities/EQUITY_L.csv
APOLLOTYRE,INE438A01022,True,True,EQ,EQUITY,,False,False,2026-08-21,https://nsearchives.nseindia.com/content/equities/EQUITY_L.csv
APOLSINHOT,INE451F01024,True,True,EQ,EQUITY,,False,False,2026-08-21,https://nsearchives.nseindia.com/content/equities/EQUITY_L.csv
APOORVA,INE217S01014,True,True,EQ,EQUITY,,False,False,2026-08-21,https://nsearchives.nseindia.com/content/equities/EQUITY_L.csv
APTUS,INE852O01025,True,True,EQ,EQUITY,,False,False,2026-08-21,https://nsearchives.nseindia.com/content/equities/EQUITY_L.csv
AQYLON,INE416A01051,True,True,EQ,EQUITY,,False,False,2026-08-21,https://nsearchives.nseindia.com/content/equities/EQUITY_L.csv
ARCHIDPLY,INE877I01016,True,True,EQ,EQUITY,,False,False,2026-08-21,https://nsearchives.nseindia.com/content/equities/EQUITY_L.csv
ARCHIES,INE731A01020,True,True,EQ,EQUITY,,False,False,2026-08-21,https://nsearchives.nseindia.com/content/equities/EQUITY_L.csv
ARCL,INE372M01010,True,True,EQ,EQUITY,,False,False,2026-08-21,https://nsearchives.nseindia.com/content/equities/EQUITY_L.csv
ARDEE,INE0XNF01022,True,True,EQ,EQUITY,,False,False,2026-08-21,https://nsearchives.nseindia.com/content/equities/EQUITY_L.csv
ARE&M,INE885A01032,True,True,EQ,EQUITY,,False,False,2026-08-21,https://nsearchives.nseindia.com/content/equities/EQUITY_L.csv
ARENTERP,INE610C01014,True,True,EQ,EQUITY,,False,False,2026-08-21,https://nsearchives.nseindia.com/content/equities/EQUITY_L.csv
ARFIN,INE784R01023,True,True,EQ,EQUITY,,False,False,2026-08-21,https://nsearchives.nseindia.com/content/equities/EQUITY_L.csv
ARIES,INE298I01015,True,True,EQ,EQUITY,,False,False,2026-08-21,https://nsearchives.nseindia.com/content/equities/EQUITY_L.csv
ARIHANT,INE413D01011,True,True,EQ,EQUITY,,False,False,2026-08-21,https://nsearchives.nseindia.com/content/equities/EQUITY_L.csv
ARIHANTCAP,INE420B01036,True,True,EQ,EQUITY,,False,False,2026-08-21,https://nsearchives.nseindia.com/content/equities/EQUITY_L.csv
ARIHANTSUP,INE643K01018,True,True,EQ,EQUITY,,False,False,2026-08-21,https://nsearchives.nseindia.com/content/equities/EQUITY_L.csv
ARIS,INE0H9P01028,True,True,EQ,EQUITY,,False,False,2026-08-21,https://nsearchives.nseindia.com/content/equities/EQUITY_L.csv
ARKADE,INE0QRL01017,True,True,EQ,EQUITY,,False,False,2026-08-21,https://nsearchives.nseindia.com/content/equities/EQUITY_L.csv
ARMANFIN,INE109C01017,True,True,EQ,EQUITY,,False,False,2026-08-21,https://nsearchives.nseindia.com/content/equities/EQUITY_L.csv
AROGRANITE,INE210C01013,True,True,EQ,EQUITY,,False,False,2026-08-21,https://nsearchives.nseindia.com/content/equities/EQUITY_L.csv
ARSSBL,INE549H01021,True,True,EQ,EQUITY,,False,False,2026-08-21,https://nsearchives.nseindia.com/content/equities/EQUITY_L.csv
ARTEMISMED,INE025R01021,True,True,EQ,EQUITY,,False,False,2026-08-21,https://nsearchives.nseindia.com/content/equities/EQUITY_L.csv
ARTNIRMAN,INE738V01013,True,True,EQ,EQUITY,,False,False,2026-08-21,https://nsearchives.nseindia.com/content/equities/EQUITY_L.csv
ARVEE,INE006Z01016,True,True,EQ,EQUITY,,False,False,2026-08-21,https://nsearchives.nseindia.com/content/equities/EQUITY_L.csv
ARVIND,INE034A01011,True,True,EQ,EQUITY,,False,False,2026-08-21,https://nsearchives.nseindia.com/content/equities/EQUITY_L.csv
ARVINDFASN,INE955V01021,True,True,EQ,EQUITY,,False,False,2026-08-21,https://nsearchives.nseindia.com/content/equities/EQUITY_L.csv
ARVSMART,INE034S01021,True,True,EQ,EQUITY,,False,False,2026-08-21,https://nsearchives.nseindia.com/content/equities/EQUITY_L.csv
ARYAMAN,INE032E01017,True,True,EQ,EQUITY,,False,False,2026-08-21,https://nsearchives.nseindia.com/content/equities/EQUITY_L.csv
ASAHIINDIA,INE439A01020,True,True,EQ,EQUITY,,False,False,2026-08-21,https://nsearchives.nseindia.com/content/equities/EQUITY_L.csv
ASAL,INE900C01027,True,True,EQ,EQUITY,,False,False,2026-08-21,https://nsearchives.nseindia.com/content/equities/EQUITY_L.csv
ASALCBR,INE073G01016,True,True,EQ,EQUITY,,False,False,2026-08-21,https://nsearchives.nseindia.com/content/equities/EQUITY_L.csv
ASHAPURMIN,INE348A01023,True,True,EQ,EQUITY,,False,False,2026-08-21,https://nsearchives.nseindia.com/content/equities/EQUITY_L.csv
ASHIANA,INE365D01021,True,True,EQ,EQUITY,,False,False,2026-08-21,https://nsearchives.nseindia.com/content/equities/EQUITY_L.csv
ASHIMASYN,INE440A01010,True,True,EQ,EQUITY,,False,False,2026-08-21,https://nsearchives.nseindia.com/content/equities/EQUITY_L.csv
ASHOKA,INE442H01029,True,True,EQ,EQUITY,,False,False,2026-08-21,https://nsearchives.nseindia.com/content/equities/EQUITY_L.csv
ASHOKAMET,INE760Y01011,True,True,EQ,EQUITY,,False,False,2026-08-21,https://nsearchives.nseindia.com/content/equities/EQUITY_L.csv
ASHOKLEY,INE208A01029,True,True,EQ,EQUITY,,False,False,2026-08-21,https://nsearchives.nseindia.com/content/equities/EQUITY_L.csv
ASIANENE,INE276G01015,True,True,EQ,EQUITY,,False,False,2026-08-21,https://nsearchives.nseindia.com/content/equities/EQUITY_L.csv
ASIANHOTNR,INE363A01022,True,True,EQ,EQUITY,,False,False,2026-08-21,https://nsearchives.nseindia.com/content/equities/EQUITY_L.csv
ASIANPAINT,INE021A01026,True,True,EQ,EQUITY,,False,False,2026-08-21,https://nsearchives.nseindia.com/content/equities/EQUITY_L.csv
ASIANTILES,INE022I01019,True,True,EQ,EQUITY,,False,False,2026-08-21,https://nsearchives.nseindia.com/content/equities/EQUITY_L.csv
ASIANTNE,INE822B01017,True,True,EQ,EQUITY,,False,False,2026-08-21,https://nsearchives.nseindia.com/content/equities/EQUITY_L.csv
ASKAUTOLTD,INE491J01022,True,True,EQ,EQUITY,,False,False,2026-08-21,https://nsearchives.nseindia.com/content/equities/EQUITY_L.csv
ASPINWALL,INE991I01015,True,True,EQ,EQUITY,,False,False,2026-08-21,https://nsearchives.nseindia.com/content/equities/EQUITY_L.csv
ASSAMENT,INE165G01010,True,True,EQ,EQUITY,,False,False,2026-08-21,https://nsearchives.nseindia.com/content/equities/EQUITY_L.csv
ASTAR,INE194D01017,True,True,EQ,EQUITY,,False,False,2026-08-21,https://nsearchives.nseindia.com/content/equities/EQUITY_L.csv
ASTEC,INE563J01010,True,True,EQ,EQUITY,,False,False,2026-08-21,https://nsearchives.nseindia.com/content/equities/EQUITY_L.csv
ASTERDM,INE914M01019,True,True,EQ,EQUITY,,False,False,2026-08-21,https://nsearchives.nseindia.com/content/equities/EQUITY_L.csv
ASTRAL,INE006I01046,True,True,EQ,EQUITY,,False,False,2026-08-21,https://nsearchives.nseindia.com/content/equities/EQUITY_L.csv
ASTRAMICRO,INE386C01029,True,True,EQ,EQUITY,,False,False,2026-08-21,https://nsearchives.nseindia.com/content/equities/EQUITY_L.csv
ASTRAZEN,INE203A01020,True,True,EQ,EQUITY,,False,False,2026-08-21,https://nsearchives.nseindia.com/content/equities/EQUITY_L.csv
ATALREAL,INE0ALR01029,True,True,EQ,EQUITY,,False,False,2026-08-21,https://nsearchives.nseindia.com/content/equities/EQUITY_L.csv
ATAM,INE09KD01013,True,True,EQ,EQUITY,,False,False,2026-08-21,https://nsearchives.nseindia.com/content/equities/EQUITY_L.csv
ATGL,INE399L01023,True,True,EQ,EQUITY,,False,False,2026-08-21,https://nsearchives.nseindia.com/content/equities/EQUITY_L.csv
ATHERENERG,INE0LEZ01016,True,True,EQ,EQUITY,,False,False,2026-08-21,https://nsearchives.nseindia.com/content/equities/EQUITY_L.csv
ATL,INE0NN701020,True,True,EQ,EQUITY,,False,False,2026-08-21,https://nsearchives.nseindia.com/content/equities/EQUITY_L.csv
ATLANTAA,INE285H01022,True,True,EQ,EQUITY,,False,False,2026-08-21,https://nsearchives.nseindia.com/content/equities/EQUITY_L.csv
ATLANTAELE,INE0Z4F01028,True,True,EQ,EQUITY,,False,False,2026-08-21,https://nsearchives.nseindia.com/content/equities/EQUITY_L.csv
ATLASCYCLE,INE446A01025,True,True,EQ,EQUITY,,False,False,2026-08-21,https://nsearchives.nseindia.com/content/equities/EQUITY_L.csv
ATUL,INE100A01010,True,True,EQ,EQUITY,,False,False,2026-08-21,https://nsearchives.nseindia.com/content/equities/EQUITY_L.csv
ATULAUTO,INE951D01028,True,True,EQ,EQUITY,,False,False,2026-08-21,https://nsearchives.nseindia.com/content/equities/EQUITY_L.csv
AUBANK,INE949L01017,True,True,EQ,EQUITY,,False,False,2026-08-21,https://nsearchives.nseindia.com/content/equities/EQUITY_L.csv
AURIONPRO,INE132H01018,True,True,EQ,EQUITY,,False,False,2026-08-21,https://nsearchives.nseindia.com/content/equities/EQUITY_L.csv
AUROPHARMA,INE406A01037,True,True,EQ,EQUITY,,False,False,2026-08-21,https://nsearchives.nseindia.com/content/equities/EQUITY_L.csv
AURUM,INE898S01029,True,True,EQ,EQUITY,,False,False,2026-08-21,https://nsearchives.nseindia.com/content/equities/EQUITY_L.csv
AURUS,INE142K01011,True,True,EQ,EQUITY,,False,False,2026-08-21,https://nsearchives.nseindia.com/content/equities/EQUITY_L.csv
AUSOMENT,INE218C01016,True,True,EQ,EQUITY,,False,False,2026-08-21,https://nsearchives.nseindia.com/content/equities/EQUITY_L.csv
AUSTENG,INE759F01012,True,True,EQ,EQUITY,,False,False,2026-08-21,https://nsearchives.nseindia.com/content/equities/EQUITY_L.csv
AUTOAXLES,INE449A01011,True,True,EQ,EQUITY,,False,False,2026-08-21,https://nsearchives.nseindia.com/content/equities/EQUITY_L.csv
AVADHSUGAR,INE349W01017,True,True,EQ,EQUITY,,False,False,2026-08-21,https://nsearchives.nseindia.com/content/equities/EQUITY_L.csv
AVALON,INE0LCL01028,True,True,EQ,EQUITY,,False,False,2026-08-21,https://nsearchives.nseindia.com/content/equities/EQUITY_L.csv
AVANCE,INE758A01072,True,True,EQ,EQUITY,,False,False,2026-08-21,https://nsearchives.nseindia.com/content/equities/EQUITY_L.csv
AVANTEL,INE005B01027,True,True,EQ,EQUITY,,False,False,2026-08-21,https://nsearchives.nseindia.com/content/equities/EQUITY_L.csv
AVANTIFEED,INE871C01038,True,True,EQ,EQUITY,,False,False,2026-08-21,https://nsearchives.nseindia.com/content/equities/EQUITY_L.csv
AVL,INE679V01027,True,True,EQ,EQUITY,,False,False,2026-08-21,https://nsearchives.nseindia.com/content/equities/EQUITY_L.csv
AVONMORE,INE323B01024,True,True,EQ,EQUITY,,False,False,2026-08-21,https://nsearchives.nseindia.com/content/equities/EQUITY_L.csv
AVROIND,INE652Z01025,True,True,EQ,EQUITY,,False,False,2026-08-21,https://nsearchives.nseindia.com/content/equities/EQUITY_L.csv
AVTNPL,INE488D01021,True,True,EQ,EQUITY,,False,False,2026-08-21,https://nsearchives.nseindia.com/content/equities/EQUITY_L.csv
AWFIS,INE108V01019,True,True,EQ,EQUITY,,False,False,2026-08-21,https://nsearchives.nseindia.com/content/equities/EQUITY_L.csv
AWHCL,INE01BK01022,True,True,EQ,EQUITY,,False,False,2026-08-21,https://nsearchives.nseindia.com/content/equities/EQUITY_L.csv
AWL,INE699H01024,True,True,EQ,EQUITY,,False,False,2026-08-21,https://nsearchives.nseindia.com/content/equities/EQUITY_L.csv
AXISBANK,INE238A01034,True,True,EQ,EQUITY,,False,False,2026-08-21,https://nsearchives.nseindia.com/content/equities/EQUITY_L.csv
AXISCADES,INE555B01013,True,True,EQ,EQUITY,,False,False,2026-08-21,https://nsearchives.nseindia.com/content/equities/EQUITY_L.csv
AXITA,INE02EZ01022,True,True,EQ,EQUITY,,False,False,2026-08-21,https://nsearchives.nseindia.com/content/equities/EQUITY_L.csv
AXTEL,INE767C01012,True,True,EQ,EQUITY,,False,False,2026-08-21,https://nsearchives.nseindia.com/content/equities/EQUITY_L.csv
AYE,INE501X01029,True,True,EQ,EQUITY,,False,False,2026-08-21,https://nsearchives.nseindia.com/content/equities/EQUITY_L.csv
AYMSYNTEX,INE193B01039,True,True,EQ,EQUITY,,False,False,2026-08-21,https://nsearchives.nseindia.com/content/equities/EQUITY_L.csv
AZAD,INE02IJ01035,True,True,EQ,EQUITY,,False,False,2026-08-21,https://nsearchives.nseindia.com/content/equities/EQUITY_L.csv
AZADIND,INE566M01017,True,True,EQ,EQUITY,,False,False,2026-08-21,https://nsearchives.nseindia.com/content/equities/EQUITY_L.csv
BAGFILMS,INE116D01028,True,True,EQ,EQUITY,,False,False,2026-08-21,https://nsearchives.nseindia.com/content/equities/EQUITY_L.csv
BAIDFIN,INE020D01022,True,True,EQ,EQUITY,,False,False,2026-08-21,https://nsearchives.nseindia.com/content/equities/EQUITY_L.csv
BAJAJ-AUTO,INE917I01010,True,True,EQ,EQUITY,,False,False,2026-08-21,https://nsearchives.nseindia.com/content/equities/EQUITY_L.csv
BAJAJCON,INE933K01021,True,True,EQ,EQUITY,,False,False,2026-08-21,https://nsearchives.nseindia.com/content/equities/EQUITY_L.csv
BAJAJELEC,INE193E01025,True,True,EQ,EQUITY,,False,False,2026-08-21,https://nsearchives.nseindia.com/content/equities/EQUITY_L.csv
BAJAJFINSV,INE918I01026,True,True,EQ,EQUITY,,False,False,2026-08-21,https://nsearchives.nseindia.com/content/equities/EQUITY_L.csv
BAJAJHCARE,INE411U01027,True,True,EQ,EQUITY,,False,False,2026-08-21,https://nsearchives.nseindia.com/content/equities/EQUITY_L.csv
BAJAJHFL,INE377Y01014,True,True,EQ,EQUITY,,False,False,2026-08-21,https://nsearchives.nseindia.com/content/equities/EQUITY_L.csv
BAJAJHIND,INE306A01021,True,True,EQ,EQUITY,,False,False,2026-08-21,https://nsearchives.nseindia.com/content/equities/EQUITY_L.csv
BAJAJHLDNG,INE118A01012,True,True,EQ,EQUITY,,False,False,2026-08-21,https://nsearchives.nseindia.com/content/equities/EQUITY_L.csv
BAJAJINDEF,INE0O9T01021,True,True,EQ,EQUITY,,False,False,2026-08-21,https://nsearchives.nseindia.com/content/equities/EQUITY_L.csv
BAJAJST,INE704G01024,True,True,EQ,EQUITY,,False,False,2026-08-21,https://nsearchives.nseindia.com/content/equities/EQUITY_L.csv
BAJEL,INE0KQN01018,True,True,EQ,EQUITY,,False,False,2026-08-21,https://nsearchives.nseindia.com/content/equities/EQUITY_L.csv
BAJFINANCE,INE296A01032,True,True,EQ,EQUITY,,False,False,2026-08-21,https://nsearchives.nseindia.com/content/equities/EQUITY_L.csv
BALAJEE,INE0S2G01011,True,True,EQ,EQUITY,,False,False,2026-08-21,https://nsearchives.nseindia.com/content/equities/EQUITY_L.csv
BALAJITELE,INE794B01026,True,True,EQ,EQUITY,,False,False,2026-08-21,https://nsearchives.nseindia.com/content/equities/EQUITY_L.csv
BALAMINES,INE050E01027,True,True,EQ,EQUITY,,False,False,2026-08-21,https://nsearchives.nseindia.com/content/equities/EQUITY_L.csv
BALAXI,INE618N01022,True,True,EQ,EQUITY,,False,False,2026-08-21,https://nsearchives.nseindia.com/content/equities/EQUITY_L.csv
BALKRISHNA,INE875R01011,True,True,EQ,EQUITY,,False,False,2026-08-21,https://nsearchives.nseindia.com/content/equities/EQUITY_L.csv
BALKRISIND,INE787D01026,True,True,EQ,EQUITY,,False,False,2026-08-21,https://nsearchives.nseindia.com/content/equities/EQUITY_L.csv
BALMLAWRIE,INE164A01016,True,True,EQ,EQUITY,,False,False,2026-08-21,https://nsearchives.nseindia.com/content/equities/EQUITY_L.csv
BALPHARMA,INE083D01012,True,True,EQ,EQUITY,,False,False,2026-08-21,https://nsearchives.nseindia.com/content/equities/EQUITY_L.csv
BALRAMCHIN,INE119A01028,True,True,EQ,EQUITY,,False,False,2026-08-21,https://nsearchives.nseindia.com/content/equities/EQUITY_L.csv
BALUFORGE,INE011E01029,True,True,EQ,EQUITY,,False,False,2026-08-21,https://nsearchives.nseindia.com/content/equities/EQUITY_L.csv
BANARBEADS,INE655B01011,True,True,EQ,EQUITY,,False,False,2026-08-21,https://nsearchives.nseindia.com/content/equities/EQUITY_L.csv
BANARISUG,INE459A01010,True,True,EQ,EQUITY,,False,False,2026-08-21,https://nsearchives.nseindia.com/content/equities/EQUITY_L.csv
BANCOINDIA,INE213C01025,True,True,EQ,EQUITY,,False,False,2026-08-21,https://nsearchives.nseindia.com/content/equities/EQUITY_L.csv
BANDHANBNK,INE545U01014,True,True,EQ,EQUITY,,False,False,2026-08-21,https://nsearchives.nseindia.com/content/equities/EQUITY_L.csv
BANG,INE863I01016,True,True,EQ,EQUITY,,False,False,2026-08-21,https://nsearchives.nseindia.com/content/equities/EQUITY_L.csv
BANKA,INE862Y01015,True,True,EQ,EQUITY,,False,False,2026-08-21,https://nsearchives.nseindia.com/content/equities/EQUITY_L.csv
BANKBARODA,INE028A01039,True,True,EQ,EQUITY,,False,False,2026-08-21,https://nsearchives.nseindia.com/content/equities/EQUITY_L.csv
BANKINDIA,INE084A01016,True,True,EQ,EQUITY,,False,False,2026-08-21,https://nsearchives.nseindia.com/content/equities/EQUITY_L.csv
BANSALWIRE,INE0B9K01025,True,True,EQ,EQUITY,,False,False,2026-08-21,https://nsearchives.nseindia.com/content/equities/EQUITY_L.csv
BANSWRAS,INE629D01020,True,True,EQ,EQUITY,,False,False,2026-08-21,https://nsearchives.nseindia.com/content/equities/EQUITY_L.csv
BASF,INE373A01013,True,True,EQ,EQUITY,,False,False,2026-08-21,https://nsearchives.nseindia.com/content/equities/EQUITY_L.csv
BATAINDIA,INE176A01028,True,True,EQ,EQUITY,,False,False,2026-08-21,https://nsearchives.nseindia.com/content/equities/EQUITY_L.csv
BATLIBOI,INE177C01022,True,True,EQ,EQUITY,,False,False,2026-08-21,https://nsearchives.nseindia.com/content/equities/EQUITY_L.csv
BAYERCROP,INE462A01022,True,True,EQ,EQUITY,,False,False,2026-08-21,https://nsearchives.nseindia.com/content/equities/EQUITY_L.csv
BBL,INE464A01036,True,True,EQ,EQUITY,,False,False,2026-08-21,https://nsearchives.nseindia.com/content/equities/EQUITY_L.csv
BBOX,INE676A01027,True,True,EQ,EQUITY,,False,False,2026-08-21,https://nsearchives.nseindia.com/content/equities/EQUITY_L.csv
BBTC,INE050A01025,True,True,EQ,EQUITY,,False,False,2026-08-21,https://nsearchives.nseindia.com/content/equities/EQUITY_L.csv
BBTCL,INE01EE01011,True,True,EQ,EQUITY,,False,False,2026-08-21,https://nsearchives.nseindia.com/content/equities/EQUITY_L.csv
BCG,INE425B01027,True,True,EQ,EQUITY,,False,False,2026-08-21,https://nsearchives.nseindia.com/content/equities/EQUITY_L.csv
BCLIND,INE412G01024,True,True,EQ,EQUITY,,False,False,2026-08-21,https://nsearchives.nseindia.com/content/equities/EQUITY_L.csv
BCONCEPTS,INE977Y01011,True,True,EQ,EQUITY,,False,False,2026-08-21,https://nsearchives.nseindia.com/content/equities/EQUITY_L.csv
BCPL,INE00SW01015,True,True,EQ,EQUITY,,False,False,2026-08-21,https://nsearchives.nseindia.com/content/equities/EQUITY_L.csv
BDL,INE171Z01026,True,True,EQ,EQUITY,,False,False,2026-08-21,https://nsearchives.nseindia.com/content/equities/EQUITY_L.csv
BEARDSELL,INE520H01022,True,True,EQ,EQUITY,,False,False,2026-08-21,https://nsearchives.nseindia.com/content/equities/EQUITY_L.csv
BECTORFOOD,INE495P01020,True,True,EQ,EQUITY,,False,False,2026-08-21,https://nsearchives.nseindia.com/content/equities/EQUITY_L.csv
BEDMUTHA,INE844K01012,True,True,EQ,EQUITY,,False,False,2026-08-21,https://nsearchives.nseindia.com/content/equities/EQUITY_L.csv
BEEKAY,INE213D01015,True,True,EQ,EQUITY,,False,False,2026-08-21,https://nsearchives.nseindia.com/content/equities/EQUITY_L.csv
BEL,INE263A01024,True,True,EQ,EQUITY,,False,False,2026-08-21,https://nsearchives.nseindia.com/content/equities/EQUITY_L.csv
BELLACASA,INE344T01014,True,True,EQ,EQUITY,,False,False,2026-08-21,https://nsearchives.nseindia.com/content/equities/EQUITY_L.csv
BELRISE,INE894V01022,True,True,EQ,EQUITY,,False,False,2026-08-21,https://nsearchives.nseindia.com/content/equities/EQUITY_L.csv
BEML,INE258A01024,True,True,EQ,EQUITY,,False,False,2026-08-21,https://nsearchives.nseindia.com/content/equities/EQUITY_L.csv
BENARAS,INE664D01019,True,True,EQ,EQUITY,,False,False,2026-08-21,https://nsearchives.nseindia.com/content/equities/EQUITY_L.csv
BENGALASM,INE083K01017,True,True,EQ,EQUITY,,False,False,2026-08-21,https://nsearchives.nseindia.com/content/equities/EQUITY_L.csv
BEPL,INE922A01025,True,True,EQ,EQUITY,,False,False,2026-08-21,https://nsearchives.nseindia.com/content/equities/EQUITY_L.csv
BERGEPAINT,INE463A01038,True,True,EQ,EQUITY,,False,False,2026-08-21,https://nsearchives.nseindia.com/content/equities/EQUITY_L.csv
BESTAGRO,INE052T01021,True,True,EQ,EQUITY,,False,False,2026-08-21,https://nsearchives.nseindia.com/content/equities/EQUITY_L.csv
BETA,INE351Y01019,True,True,EQ,EQUITY,,False,False,2026-08-21,https://nsearchives.nseindia.com/content/equities/EQUITY_L.csv
BFINVEST,INE878K01010,True,True,EQ,EQUITY,,False,False,2026-08-21,https://nsearchives.nseindia.com/content/equities/EQUITY_L.csv
BFUTILITIE,INE243D01012,True,True,EQ,EQUITY,,False,False,2026-08-21,https://nsearchives.nseindia.com/content/equities/EQUITY_L.csv
BHAGCHEM,INE414D01027,True,True,EQ,EQUITY,,False,False,2026-08-21,https://nsearchives.nseindia.com/content/equities/EQUITY_L.csv
BHAGYANGR,INE458B01036,True,True,EQ,EQUITY,,False,False,2026-08-21,https://nsearchives.nseindia.com/content/equities/EQUITY_L.csv
BHANDARI,INE474E01029,True,True,EQ,EQUITY,,False,False,2026-08-21,https://nsearchives.nseindia.com/content/equities/EQUITY_L.csv
BHARATCOAL,INE05XR01022,True,True,EQ,EQUITY,,False,False,2026-08-21,https://nsearchives.nseindia.com/content/equities/EQUITY_L.csv
BHARATFORG,INE465A01025,True,True,EQ,EQUITY,,False,False,2026-08-21,https://nsearchives.nseindia.com/content/equities/EQUITY_L.csv
BHARATRAS,INE838B01021,True,True,EQ,EQUITY,,False,False,2026-08-21,https://nsearchives.nseindia.com/content/equities/EQUITY_L.csv
BHARATSE,INE415D01024,True,True,EQ,EQUITY,,False,False,2026-08-21,https://nsearchives.nseindia.com/content/equities/EQUITY_L.csv
BHARATWIRE,INE316L01019,True,True,EQ,EQUITY,,False,False,2026-08-21,https://nsearchives.nseindia.com/content/equities/EQUITY_L.csv
BHARTIARTL,INE397D01024,True,True,EQ,EQUITY,,False,False,2026-08-21,https://nsearchives.nseindia.com/content/equities/EQUITY_L.csv
BHARTIHEXA,INE343G01021,True,True,EQ,EQUITY,,False,False,2026-08-21,https://nsearchives.nseindia.com/content/equities/EQUITY_L.csv
BHEL,INE257A01026,True,True,EQ,EQUITY,,False,False,2026-08-21,https://nsearchives.nseindia.com/content/equities/EQUITY_L.csv
BIGBLOC,INE412U01025,True,True,EQ,EQUITY,,False,False,2026-08-21,https://nsearchives.nseindia.com/content/equities/EQUITY_L.csv
BIKAJI,INE00E101023,True,True,EQ,EQUITY,,False,False,2026-08-21,https://nsearchives.nseindia.com/content/equities/EQUITY_L.csv
BIL,INE828A01016,True,True,EQ,EQUITY,,False,False,2026-08-21,https://nsearchives.nseindia.com/content/equities/EQUITY_L.csv
BIMETAL,INE469A01019,True,True,EQ,EQUITY,,False,False,2026-08-21,https://nsearchives.nseindia.com/content/equities/EQUITY_L.csv
BIOCON,INE376G01013,True,True,EQ,EQUITY,,False,False,2026-08-21,https://nsearchives.nseindia.com/content/equities/EQUITY_L.csv
BIOFILCHEM,INE829A01014,True,True,EQ,EQUITY,,False,False,2026-08-21,https://nsearchives.nseindia.com/content/equities/EQUITY_L.csv
BIRLACORPN,INE340A01012,True,True,EQ,EQUITY,,False,False,2026-08-21,https://nsearchives.nseindia.com/content/equities/EQUITY_L.csv
BIRLAMONEY,INE865C01022,True,True,EQ,EQUITY,,False,False,2026-08-21,https://nsearchives.nseindia.com/content/equities/EQUITY_L.csv
BIRLANU,INE557A01011,True,True,EQ,EQUITY,,False,False,2026-08-21,https://nsearchives.nseindia.com/content/equities/EQUITY_L.csv
BIRLAPREC,INE372E01025,True,True,EQ,EQUITY,,False,False,2026-08-21,https://nsearchives.nseindia.com/content/equities/EQUITY_L.csv
BLACKBUCK,INE0UIZ01018,True,True,EQ,EQUITY,,False,False,2026-08-21,https://nsearchives.nseindia.com/content/equities/EQUITY_L.csv
BLAL,INE0N7W01012,True,True,EQ,EQUITY,,False,False,2026-08-21,https://nsearchives.nseindia.com/content/equities/EQUITY_L.csv
BLBLIMITED,INE791A01024,True,True,EQ,EQUITY,,False,False,2026-08-21,https://nsearchives.nseindia.com/content/equities/EQUITY_L.csv
BLEL,INE1EEM01017,True,True,EQ,EQUITY,,False,False,2026-08-21,https://nsearchives.nseindia.com/content/equities/EQUITY_L.csv
BLIL,INE525F01025,True,True,EQ,EQUITY,,False,False,2026-08-21,https://nsearchives.nseindia.com/content/equities/EQUITY_L.csv
BLKASHYAP,INE350H01032,True,True,EQ,EQUITY,,False,False,2026-08-21,https://nsearchives.nseindia.com/content/equities/EQUITY_L.csv
BLS,INE153T01027,True,True,EQ,EQUITY,,False,False,2026-08-21,https://nsearchives.nseindia.com/content/equities/EQUITY_L.csv
BLSE,INE0NLT01010,True,True,EQ,EQUITY,,False,False,2026-08-21,https://nsearchives.nseindia.com/content/equities/EQUITY_L.csv
BLUECHIP,INE657B01025,True,True,EQ,EQUITY,,False,False,2026-08-21,https://nsearchives.nseindia.com/content/equities/EQUITY_L.csv
BLUECLOUDS,INE373T01047,True,True,EQ,EQUITY,,False,False,2026-08-21,https://nsearchives.nseindia.com/content/equities/EQUITY_L.csv
BLUEDART,INE233B01017,True,True,EQ,EQUITY,,False,False,2026-08-21,https://nsearchives.nseindia.com/content/equities/EQUITY_L.csv
BLUEJET,INE0KBH01020,True,True,EQ,EQUITY,,False,False,2026-08-21,https://nsearchives.nseindia.com/content/equities/EQUITY_L.csv
BLUESTARCO,INE472A01039,True,True,EQ,EQUITY,,False,False,2026-08-21,https://nsearchives.nseindia.com/content/equities/EQUITY_L.csv
BLUESTONE,INE304W01038,True,True,EQ,EQUITY,,False,False,2026-08-21,https://nsearchives.nseindia.com/content/equities/EQUITY_L.csv
BLUSPRING,INE0U4101014,True,True,EQ,EQUITY,,False,False,2026-08-21,https://nsearchives.nseindia.com/content/equities/EQUITY_L.csv
BMWVENTLTD,INE965W01036,True,True,EQ,EQUITY,,False,False,2026-08-21,https://nsearchives.nseindia.com/content/equities/EQUITY_L.csv
BNAGROCHEM,INE00HZ01011,True,True,EQ,EQUITY,,False,False,2026-08-21,https://nsearchives.nseindia.com/content/equities/EQUITY_L.csv
BOHRAIND,INE802W01023,True,True,EQ,EQUITY,,False,False,2026-08-21,https://nsearchives.nseindia.com/content/equities/EQUITY_L.csv
BOMDYEING,INE032A01023,True,True,EQ,EQUITY,,False,False,2026-08-21,https://nsearchives.nseindia.com/content/equities/EQUITY_L.csv
BONLON,INE0B9A01018,True,True,EQ,EQUITY,,False,False,2026-08-21,https://nsearchives.nseindia.com/content/equities/EQUITY_L.csv
BORANA,INE16SF01016,True,True,EQ,EQUITY,,False,False,2026-08-21,https://nsearchives.nseindia.com/content/equities/EQUITY_L.csv
BOROLTD,INE02PY01013,True,True,EQ,EQUITY,,False,False,2026-08-21,https://nsearchives.nseindia.com/content/equities/EQUITY_L.csv
BORORENEW,INE666D01022,True,True,EQ,EQUITY,,False,False,2026-08-21,https://nsearchives.nseindia.com/content/equities/EQUITY_L.csv
BOROSCI,INE02L001032,True,True,EQ,EQUITY,,False,False,2026-08-21,https://nsearchives.nseindia.com/content/equities/EQUITY_L.csv
BOSCH-HCIL,INE782A01015,True,True,EQ,EQUITY,,False,False,2026-08-21,https://nsearchives.nseindia.com/content/equities/EQUITY_L.csv
BOSCHLTD,INE323A01026,True,True,EQ,EQUITY,,False,False,2026-08-21,https://nsearchives.nseindia.com/content/equities/EQUITY_L.csv
BPCL,INE029A01011,True,True,EQ,EQUITY,,False,False,2026-08-21,https://nsearchives.nseindia.com/content/equities/EQUITY_L.csv
BPL,INE110A01019,True,True,EQ,EQUITY,,False,False,2026-08-21,https://nsearchives.nseindia.com/content/equities/EQUITY_L.csv
BPLPHARMA,INE365Y01019,True,True,EQ,EQUITY,,False,False,2026-08-21,https://nsearchives.nseindia.com/content/equities/EQUITY_L.csv
BRAHMINFRA,INE320I01017,True,True,EQ,EQUITY,,False,False,2026-08-21,https://nsearchives.nseindia.com/content/equities/EQUITY_L.csv
BRIGADE,INE791I01019,True,True,EQ,EQUITY,,False,False,2026-08-21,https://nsearchives.nseindia.com/content/equities/EQUITY_L.csv
BRIGHOTEL,INE03NU01014,True,True,EQ,EQUITY,,False,False,2026-08-21,https://nsearchives.nseindia.com/content/equities/EQUITY_L.csv
BRIGHTBR,INE630D01010,True,True,EQ,EQUITY,,False,False,2026-08-21,https://nsearchives.nseindia.com/content/equities/EQUITY_L.csv
BRITANNIA,INE216A01030,True,True,EQ,EQUITY,,False,False,2026-08-21,https://nsearchives.nseindia.com/content/equities/EQUITY_L.csv
BRNL,INE727S01012,True,True,EQ,EQUITY,,False,False,2026-08-21,https://nsearchives.nseindia.com/content/equities/EQUITY_L.csv
BSE,INE118H01025,True,True,EQ,EQUITY,,False,False,2026-08-21,https://nsearchives.nseindia.com/content/equities/EQUITY_L.csv
BSHSL,INE032Z01020,True,True,EQ,EQUITY,,False,False,2026-08-21,https://nsearchives.nseindia.com/content/equities/EQUITY_L.csv
BSL,INE594B01012,True,True,EQ,EQUITY,,False,False,2026-08-21,https://nsearchives.nseindia.com/content/equities/EQUITY_L.csv
BSOFT,INE836A01035,True,True,EQ,EQUITY,,False,False,2026-08-21,https://nsearchives.nseindia.com/content/equities/EQUITY_L.csv
BTML,INE0EEJ01023,True,True,EQ,EQUITY,,False,False,2026-08-21,https://nsearchives.nseindia.com/content/equities/EQUITY_L.csv
BUILDPRO,INE24OJ01011,True,True,EQ,EQUITY,,False,False,2026-08-21,https://nsearchives.nseindia.com/content/equities/EQUITY_L.csv
BUTTERFLY,INE295F01017,True,True,EQ,EQUITY,,False,False,2026-08-21,https://nsearchives.nseindia.com/content/equities/EQUITY_L.csv
BVCL,INE139I01011,True,True,EQ,EQUITY,,False,False,2026-08-21,https://nsearchives.nseindia.com/content/equities/EQUITY_L.csv
CALSOFT,INE526B01014,True,True,EQ,EQUITY,,False,False,2026-08-21,https://nsearchives.nseindia.com/content/equities/EQUITY_L.csv
CAMLINFINE,INE052I01032,True,True,EQ,EQUITY,,False,False,2026-08-21,https://nsearchives.nseindia.com/content/equities/EQUITY_L.csv
CAMPUS,INE278Y01022,True,True,EQ,EQUITY,,False,False,2026-08-21,https://nsearchives.nseindia.com/content/equities/EQUITY_L.csv
CAMS,INE596I01020,True,True,EQ,EQUITY,,False,False,2026-08-21,https://nsearchives.nseindia.com/content/equities/EQUITY_L.csv
CANBK,INE476A01022,True,True,EQ,EQUITY,,False,False,2026-08-21,https://nsearchives.nseindia.com/content/equities/EQUITY_L.csv
CANFINHOME,INE477A01020,True,True,EQ,EQUITY,,False,False,2026-08-21,https://nsearchives.nseindia.com/content/equities/EQUITY_L.csv
CANHLIFE,INE01TY01017,True,True,EQ,EQUITY,,False,False,2026-08-21,https://nsearchives.nseindia.com/content/equities/EQUITY_L.csv
CANTABIL,INE068L01024,True,True,EQ,EQUITY,,False,False,2026-08-21,https://nsearchives.nseindia.com/content/equities/EQUITY_L.csv
CAPACITE,INE264T01014,True,True,EQ,EQUITY,,False,False,2026-08-21,https://nsearchives.nseindia.com/content/equities/EQUITY_L.csv
CAPILLARY,INE0ILV01024,True,True,EQ,EQUITY,,False,False,2026-08-21,https://nsearchives.nseindia.com/content/equities/EQUITY_L.csv
CAPITALSFB,INE646H01017,True,True,EQ,EQUITY,,False,False,2026-08-21,https://nsearchives.nseindia.com/content/equities/EQUITY_L.csv
CAPLIPOINT,INE475E01026,True,True,EQ,EQUITY,,False,False,2026-08-21,https://nsearchives.nseindia.com/content/equities/EQUITY_L.csv
CARBORUNIV,INE120A01034,True,True,EQ,EQUITY,,False,False,2026-08-21,https://nsearchives.nseindia.com/content/equities/EQUITY_L.csv
CARERATING,INE752H01013,True,True,EQ,EQUITY,,False,False,2026-08-21,https://nsearchives.nseindia.com/content/equities/EQUITY_L.csv
CARRARO,INE0V7W01012,True,True,EQ,EQUITY,,False,False,2026-08-21,https://nsearchives.nseindia.com/content/equities/EQUITY_L.csv
CARTRADE,INE290S01011,True,True,EQ,EQUITY,,False,False,2026-08-21,https://nsearchives.nseindia.com/content/equities/EQUITY_L.csv
CARYSIL,INE482D01024,True,True,EQ,EQUITY,,False,False,2026-08-21,https://nsearchives.nseindia.com/content/equities/EQUITY_L.csv
CASTROLIND,INE172A01027,True,True,EQ,EQUITY,,False,False,2026-08-21,https://nsearchives.nseindia.com/content/equities/EQUITY_L.csv
CCAVENUE,INE483S01020,True,True,EQ,EQUITY,,False,False,2026-08-21,https://nsearchives.nseindia.com/content/equities/EQUITY_L.csv
CCCL,INE429I01024,True,True,EQ,EQUITY,,False,False,2026-08-21,https://nsearchives.nseindia.com/content/equities/EQUITY_L.csv
CCHHL,INE652F01027,True,True,EQ,EQUITY,,False,False,2026-08-21,https://nsearchives.nseindia.com/content/equities/EQUITY_L.csv
CCL,INE421D01022,True,True,EQ,EQUITY,,False,False,2026-08-21,https://nsearchives.nseindia.com/content/equities/EQUITY_L.csv
CDSL,INE736A01011,True,True,EQ,EQUITY,,False,False,2026-08-21,https://nsearchives.nseindia.com/content/equities/EQUITY_L.csv
CEATLTD,INE482A01020,True,True,EQ,EQUITY,,False,False,2026-08-21,https://nsearchives.nseindia.com/content/equities/EQUITY_L.csv
CEIGALL,INE0AG901020,True,True,EQ,EQUITY,,False,False,2026-08-21,https://nsearchives.nseindia.com/content/equities/EQUITY_L.csv
CEINSYS,INE016Q01014,True,True,EQ,EQUITY,,False,False,2026-08-21,https://nsearchives.nseindia.com/content/equities/EQUITY_L.csv
CELEBRITY,INE185H01016,True,True,EQ,EQUITY,,False,False,2026-08-21,https://nsearchives.nseindia.com/content/equities/EQUITY_L.csv
CELLO,INE0LMW01024,True,True,EQ,EQUITY,,False,False,2026-08-21,https://nsearchives.nseindia.com/content/equities/EQUITY_L.csv
CEMPRO,INE686A01026,True,True,EQ,EQUITY,,False,False,2026-08-21,https://nsearchives.nseindia.com/content/equities/EQUITY_L.csv
CENTENKA,INE485A01015,True,True,EQ,EQUITY,,False,False,2026-08-21,https://nsearchives.nseindia.com/content/equities/EQUITY_L.csv
CENTEXT,INE281A01026,True,True,EQ,EQUITY,,False,False,2026-08-21,https://nsearchives.nseindia.com/content/equities/EQUITY_L.csv
CENTRALBK,INE483A01010,True,True,EQ,EQUITY,,False,False,2026-08-21,https://nsearchives.nseindia.com/content/equities/EQUITY_L.csv
CENTRUM,INE660C01027,True,True,EQ,EQUITY,,False,False,2026-08-21,https://nsearchives.nseindia.com/content/equities/EQUITY_L.csv
CENTUM,INE320B01020,True,True,EQ,EQUITY,,False,False,2026-08-21,https://nsearchives.nseindia.com/content/equities/EQUITY_L.csv
CENTURYPLY,INE348B01021,True,True,EQ,EQUITY,,False,False,2026-08-21,https://nsearchives.nseindia.com/content/equities/EQUITY_L.csv
CERA,INE739E01017,True,True,EQ,EQUITY,,False,False,2026-08-21,https://nsearchives.nseindia.com/content/equities/EQUITY_L.csv
CESC,INE486A01021,True,True,EQ,EQUITY,,False,False,2026-08-21,https://nsearchives.nseindia.com/content/equities/EQUITY_L.csv
CEWATER,INE037Z01029,True,True,EQ,EQUITY,,False,False,2026-08-21,https://nsearchives.nseindia.com/content/equities/EQUITY_L.csv
CFEL,INE700F01024,True,True,EQ,EQUITY,,False,False,2026-08-21,https://nsearchives.nseindia.com/content/equities/EQUITY_L.csv
CGCL,INE180C01042,True,True,EQ,EQUITY,,False,False,2026-08-21,https://nsearchives.nseindia.com/content/equities/EQUITY_L.csv
CGPOWER,INE067A01029,True,True,EQ,EQUITY,,False,False,2026-08-21,https://nsearchives.nseindia.com/content/equities/EQUITY_L.csv
CGVAK,INE084D01010,True,True,EQ,EQUITY,,False,False,2026-08-21,https://nsearchives.nseindia.com/content/equities/EQUITY_L.csv
CHALET,INE427F01016,True,True,EQ,EQUITY,,False,False,2026-08-21,https://nsearchives.nseindia.com/content/equities/EQUITY_L.csv
CHAMBLFERT,INE085A01013,True,True,EQ,EQUITY,,False,False,2026-08-21,https://nsearchives.nseindia.com/content/equities/EQUITY_L.csv
CHEMBOND,INE995D01025,True,True,EQ,EQUITY,,False,False,2026-08-21,https://nsearchives.nseindia.com/content/equities/EQUITY_L.csv
CHEMCRUX,INE298W01016,True,True,EQ,EQUITY,,False,False,2026-08-21,https://nsearchives.nseindia.com/content/equities/EQUITY_L.csv
CHEMFAB,INE783X01023,True,True,EQ,EQUITY,,False,False,2026-08-21,https://nsearchives.nseindia.com/content/equities/EQUITY_L.csv
CHEMPLASTS,INE488A01050,True,True,EQ,EQUITY,,False,False,2026-08-21,https://nsearchives.nseindia.com/content/equities/EQUITY_L.csv
CHENNPETRO,INE178A01016,True,True,EQ,EQUITY,,False,False,2026-08-21,https://nsearchives.nseindia.com/content/equities/EQUITY_L.csv
CHEVIOT,INE974B01016,True,True,EQ,EQUITY,,False,False,2026-08-21,https://nsearchives.nseindia.com/content/equities/EQUITY_L.csv
CHOICEIN,INE102B01014,True,True,EQ,EQUITY,,False,False,2026-08-21,https://nsearchives.nseindia.com/content/equities/EQUITY_L.csv
CHOLAFIN,INE121A01024,True,True,EQ,EQUITY,,False,False,2026-08-21,https://nsearchives.nseindia.com/content/equities/EQUITY_L.csv
CHOLAHLDNG,INE149A01033,True,True,EQ,EQUITY,,False,False,2026-08-21,https://nsearchives.nseindia.com/content/equities/EQUITY_L.csv
CIEINDIA,INE536H01010,True,True,EQ,EQUITY,,False,False,2026-08-21,https://nsearchives.nseindia.com/content/equities/EQUITY_L.csv
CIFL,INE345H01024,True,True,EQ,EQUITY,,False,False,2026-08-21,https://nsearchives.nseindia.com/content/equities/EQUITY_L.csv
CINELINE,INE704H01022,True,True,EQ,EQUITY,,False,False,2026-08-21,https://nsearchives.nseindia.com/content/equities/EQUITY_L.csv
CINEVISTA,INE039B01026,True,True,EQ,EQUITY,,False,False,2026-08-21,https://nsearchives.nseindia.com/content/equities/EQUITY_L.csv
CIPLA,INE059A01026,True,True,EQ,EQUITY,,False,False,2026-08-21,https://nsearchives.nseindia.com/content/equities/EQUITY_L.csv
CLEAN,INE227W01023,True,True,EQ,EQUITY,,False,False,2026-08-21,https://nsearchives.nseindia.com/content/equities/EQUITY_L.csv
CLEANMAX,INE647U01026,True,True,EQ,EQUITY,,False,False,2026-08-21,https://nsearchives.nseindia.com/content/equities/EQUITY_L.csv
CLSEL,INE419D01026,True,True,EQ,EQUITY,,False,False,2026-08-21,https://nsearchives.nseindia.com/content/equities/EQUITY_L.csv
CMLL,INE11XY01018,True,True,EQ,EQUITY,,False,False,2026-08-21,https://nsearchives.nseindia.com/content/equities/EQUITY_L.csv
CMPDI,INE05HV01027,True,True,EQ,EQUITY,,False,False,2026-08-21,https://nsearchives.nseindia.com/content/equities/EQUITY_L.csv
CMRGREEN,INE00WV01027,True,True,EQ,EQUITY,,False,False,2026-08-21,https://nsearchives.nseindia.com/content/equities/EQUITY_L.csv
CMSINFO,INE925R01014,True,True,EQ,EQUITY,,False,False,2026-08-21,https://nsearchives.nseindia.com/content/equities/EQUITY_L.csv
CNL,INE985W01018,True,True,EQ,EQUITY,,False,False,2026-08-21,https://nsearchives.nseindia.com/content/equities/EQUITY_L.csv
COALINDIA,INE522F01014,True,True,EQ,EQUITY,,False,False,2026-08-21,https://nsearchives.nseindia.com/content/equities/EQUITY_L.csv
COASTCORP,INE377E01024,True,True,EQ,EQUITY,,False,False,2026-08-21,https://nsearchives.nseindia.com/content/equities/EQUITY_L.csv
COCHINSHIP,INE704P01025,True,True,EQ,EQUITY,,False,False,2026-08-21,https://nsearchives.nseindia.com/content/equities/EQUITY_L.csv
COCKERILL,INE515A01019,True,True,EQ,EQUITY,,False,False,2026-08-21,https://nsearchives.nseindia.com/content/equities/EQUITY_L.csv
COFORGE,INE591G01025,True,True,EQ,EQUITY,,False,False,2026-08-21,https://nsearchives.nseindia.com/content/equities/EQUITY_L.csv
COHANCE,INE03QK01018,True,True,EQ,EQUITY,,False,False,2026-08-21,https://nsearchives.nseindia.com/content/equities/EQUITY_L.csv
COLPAL,INE259A01022,True,True,EQ,EQUITY,,False,False,2026-08-21,https://nsearchives.nseindia.com/content/equities/EQUITY_L.csv
COMFINTE,INE819A01049,True,True,EQ,EQUITY,,False,False,2026-08-21,https://nsearchives.nseindia.com/content/equities/EQUITY_L.csv
COMPEAU,INE823B01015,True,True,EQ,EQUITY,,False,False,2026-08-21,https://nsearchives.nseindia.com/content/equities/EQUITY_L.csv
COMPUSOFT,INE453B01029,True,True,EQ,EQUITY,,False,False,2026-08-21,https://nsearchives.nseindia.com/content/equities/EQUITY_L.csv
COMSYN,INE073V01015,True,True,EQ,EQUITY,,False,False,2026-08-21,https://nsearchives.nseindia.com/content/equities/EQUITY_L.csv
CONCOR,INE111A01025,True,True,EQ,EQUITY,,False,False,2026-08-21,https://nsearchives.nseindia.com/content/equities/EQUITY_L.csv
CONCORDBIO,INE338H01029,True,True,EQ,EQUITY,,False,False,2026-08-21,https://nsearchives.nseindia.com/content/equities/EQUITY_L.csv
CONFIPET,INE552D01024,True,True,EQ,EQUITY,,False,False,2026-08-21,https://nsearchives.nseindia.com/content/equities/EQUITY_L.csv
CONTROLPR,INE663B01015,True,True,EQ,EQUITY,,False,False,2026-08-21,https://nsearchives.nseindia.com/content/equities/EQUITY_L.csv
CORALFINAC,INE558D01021,True,True,EQ,EQUITY,,False,False,2026-08-21,https://nsearchives.nseindia.com/content/equities/EQUITY_L.csv
CORDELIA,INE0LZF01013,True,True,EQ,EQUITY,,False,False,2026-08-21,https://nsearchives.nseindia.com/content/equities/EQUITY_L.csv
COROMANDEL,INE169A01031,True,True,EQ,EQUITY,,False,False,2026-08-21,https://nsearchives.nseindia.com/content/equities/EQUITY_L.csv
CORONA,INE02ZQ01018,True,True,EQ,EQUITY,,False,False,2026-08-21,https://nsearchives.nseindia.com/content/equities/EQUITY_L.csv
COSMOFIRST,INE757A01017,True,True,EQ,EQUITY,,False,False,2026-08-21,https://nsearchives.nseindia.com/content/equities/EQUITY_L.csv
CPCAP,INE521J01018,True,True,EQ,EQUITY,,False,False,2026-08-21,https://nsearchives.nseindia.com/content/equities/EQUITY_L.csv
CPEDU,INE0P6P01016,True,True,EQ,EQUITY,,False,False,2026-08-21,https://nsearchives.nseindia.com/content/equities/EQUITY_L.csv
CPL,INE536P01021,True,True,EQ,EQUITY,,False,False,2026-08-21,https://nsearchives.nseindia.com/content/equities/EQUITY_L.csv
CPPLUS,INE819V01029,True,True,EQ,EQUITY,,False,False,2026-08-21,https://nsearchives.nseindia.com/content/equities/EQUITY_L.csv
CRAFTSMAN,INE00LO01017,True,True,EQ,EQUITY,,False,False,2026-08-21,https://nsearchives.nseindia.com/content/equities/EQUITY_L.csv
CRAMC,INE218I01013,True,True,EQ,EQUITY,,False,False,2026-08-21,https://nsearchives.nseindia.com/content/equities/EQUITY_L.csv
CRAVATEX,INE145E01017,True,True,EQ,EQUITY,,False,False,2026-08-21,https://nsearchives.nseindia.com/content/equities/EQUITY_L.csv
CREATIVEYE,INE230B01021,True,True,EQ,EQUITY,,False,False,2026-08-21,https://nsearchives.nseindia.com/content/equities/EQUITY_L.csv
CREDITACC,INE741K01010,True,True,EQ,EQUITY,,False,False,2026-08-21,https://nsearchives.nseindia.com/content/equities/EQUITY_L.csv
CREST,INE559D01011,True,True,EQ,EQUITY,,False,False,2026-08-21,https://nsearchives.nseindia.com/content/equities/EQUITY_L.csv
CRISIL,INE007A01025,True,True,EQ,EQUITY,,False,False,2026-08-21,https://nsearchives.nseindia.com/content/equities/EQUITY_L.csv
CRIZAC,INE0S4R01014,True,True,EQ,EQUITY,,False,False,2026-08-21,https://nsearchives.nseindia.com/content/equities/EQUITY_L.csv
CROMPTON,INE299U01018,True,True,EQ,EQUITY,,False,False,2026-08-21,https://nsearchives.nseindia.com/content/equities/EQUITY_L.csv
CROWN,INE491V01019,True,True,EQ,EQUITY,,False,False,2026-08-21,https://nsearchives.nseindia.com/content/equities/EQUITY_L.csv
CRSL,INE716D01033,True,True,EQ,EQUITY,,False,False,2026-08-21,https://nsearchives.nseindia.com/content/equities/EQUITY_L.csv
CSBBANK,INE679A01013,True,True,EQ,EQUITY,,False,False,2026-08-21,https://nsearchives.nseindia.com/content/equities/EQUITY_L.csv
CSLFINANCE,INE718F01018,True,True,EQ,EQUITY,,False,False,2026-08-21,https://nsearchives.nseindia.com/content/equities/EQUITY_L.csv
CSM,INE0ZK601013,True,True,EQ,EQUITY,,False,False,2026-08-21,https://nsearchives.nseindia.com/content/equities/EQUITY_L.csv
CTE,INE627H01017,True,True,EQ,EQUITY,,False,False,2026-08-21,https://nsearchives.nseindia.com/content/equities/EQUITY_L.csv
CUB,INE491A01021,True,True,EQ,EQUITY,,False,False,2026-08-21,https://nsearchives.nseindia.com/content/equities/EQUITY_L.csv
CUBEXTUB,INE144D01012,True,True,EQ,EQUITY,,False,False,2026-08-21,https://nsearchives.nseindia.com/content/equities/EQUITY_L.csv
CUMMINSIND,INE298A01020,True,True,EQ,EQUITY,,False,False,2026-08-21,https://nsearchives.nseindia.com/content/equities/EQUITY_L.csv
CUPID,INE509F01029,True,True,EQ,EQUITY,,False,False,2026-08-21,https://nsearchives.nseindia.com/content/equities/EQUITY_L.csv
CURAA,INE117B01020,True,True,EQ,EQUITY,,False,False,2026-08-21,https://nsearchives.nseindia.com/content/equities/EQUITY_L.csv
CYBERMEDIA,INE278G01037,True,True,EQ,EQUITY,,False,False,2026-08-21,https://nsearchives.nseindia.com/content/equities/EQUITY_L.csv
CYIENT,INE136B01020,True,True,EQ,EQUITY,,False,False,2026-08-21,https://nsearchives.nseindia.com/content/equities/EQUITY_L.csv
CYIENTDLM,INE055S01018,True,True,EQ,EQUITY,,False,False,2026-08-21,https://nsearchives.nseindia.com/content/equities/EQUITY_L.csv
DABUR,INE016A01026,True,True,EQ,EQUITY,,False,False,2026-08-21,https://nsearchives.nseindia.com/content/equities/EQUITY_L.csv
DAICHI,INE928C01010,True,True,EQ,EQUITY,,False,False,2026-08-21,https://nsearchives.nseindia.com/content/equities/EQUITY_L.csv
DALBHARAT,INE00R701025,True,True,EQ,EQUITY,,False,False,2026-08-21,https://nsearchives.nseindia.com/content/equities/EQUITY_L.csv
DALMIASUG,INE495A01022,True,True,EQ,EQUITY,,False,False,2026-08-21,https://nsearchives.nseindia.com/content/equities/EQUITY_L.csv
DAMCAPITAL,INE284H01025,True,True,EQ,EQUITY,,False,False,2026-08-21,https://nsearchives.nseindia.com/content/equities/EQUITY_L.csv
DANGEE,INE688Y01022,True,True,EQ,EQUITY,,False,False,2026-08-21,https://nsearchives.nseindia.com/content/equities/EQUITY_L.csv
DATAMATICS,INE365B01017,True,True,EQ,EQUITY,,False,False,2026-08-21,https://nsearchives.nseindia.com/content/equities/EQUITY_L.csv
DATAPATTNS,INE0IX101010,True,True,EQ,EQUITY,,False,False,2026-08-21,https://nsearchives.nseindia.com/content/equities/EQUITY_L.csv
DAVANGERE,INE179G01029,True,True,EQ,EQUITY,,False,False,2026-08-21,https://nsearchives.nseindia.com/content/equities/EQUITY_L.csv
DBCORP,INE950I01011,True,True,EQ,EQUITY,,False,False,2026-08-21,https://nsearchives.nseindia.com/content/equities/EQUITY_L.csv
DBL,INE917M01012,True,True,EQ,EQUITY,,False,False,2026-08-21,https://nsearchives.nseindia.com/content/equities/EQUITY_L.csv
DBOL,INE0I3401014,True,True,EQ,EQUITY,,False,False,2026-08-21,https://nsearchives.nseindia.com/content/equities/EQUITY_L.csv
DBREALTY,INE879I01012,True,True,EQ,EQUITY,,False,False,2026-08-21,https://nsearchives.nseindia.com/content/equities/EQUITY_L.csv
DCAL,INE385W01011,True,True,EQ,EQUITY,,False,False,2026-08-21,https://nsearchives.nseindia.com/content/equities/EQUITY_L.csv
DCBBANK,INE503A01015,True,True,EQ,EQUITY,,False,False,2026-08-21,https://nsearchives.nseindia.com/content/equities/EQUITY_L.csv
DCI,INE0A1101019,True,True,EQ,EQUITY,,False,False,2026-08-21,https://nsearchives.nseindia.com/content/equities/EQUITY_L.csv
DCMFINSERV,INE891B01012,True,True,EQ,EQUITY,,False,False,2026-08-21,https://nsearchives.nseindia.com/content/equities/EQUITY_L.csv
DCMNVL,INE08KP01019,True,True,EQ,EQUITY,,False,False,2026-08-21,https://nsearchives.nseindia.com/content/equities/EQUITY_L.csv
DCMSHRIRAM,INE499A01024,True,True,EQ,EQUITY,,False,False,2026-08-21,https://nsearchives.nseindia.com/content/equities/EQUITY_L.csv
DCMSIL,INE0OU201013,True,True,EQ,EQUITY,,False,False,2026-08-21,https://nsearchives.nseindia.com/content/equities/EQUITY_L.csv
DCMSRIND,INE843D01027,True,True,EQ,EQUITY,,False,False,2026-08-21,https://nsearchives.nseindia.com/content/equities/EQUITY_L.csv
DCW,INE500A01029,True,True,EQ,EQUITY,,False,False,2026-08-21,https://nsearchives.nseindia.com/content/equities/EQUITY_L.csv
DCXINDIA,INE0KL801015,True,True,EQ,EQUITY,,False,False,2026-08-21,https://nsearchives.nseindia.com/content/equities/EQUITY_L.csv
DDEVPLSTIK,INE0HR601026,True,True,EQ,EQUITY,,False,False,2026-08-21,https://nsearchives.nseindia.com/content/equities/EQUITY_L.csv
DECCANCE,INE583C01021,True,True,EQ,EQUITY,,False,False,2026-08-21,https://nsearchives.nseindia.com/content/equities/EQUITY_L.csv
DECNGOLD,INE945F01025,True,True,EQ,EQUITY,,False,False,2026-08-21,https://nsearchives.nseindia.com/content/equities/EQUITY_L.csv
DEEDEV,INE841L01016,True,True,EQ,EQUITY,,False,False,2026-08-21,https://nsearchives.nseindia.com/content/equities/EQUITY_L.csv
DEEP,INE00IY01012,True,True,EQ,EQUITY,,False,False,2026-08-21,https://nsearchives.nseindia.com/content/equities/EQUITY_L.csv
DEEPAKFERT,INE501A01019,True,True,EQ,EQUITY,,False,False,2026-08-21,https://nsearchives.nseindia.com/content/equities/EQUITY_L.csv
DEEPAKNTR,INE288B01029,True,True,EQ,EQUITY,,False,False,2026-08-21,https://nsearchives.nseindia.com/content/equities/EQUITY_L.csv
DEEPINDS,INE0FHS01024,True,True,EQ,EQUITY,,False,False,2026-08-21,https://nsearchives.nseindia.com/content/equities/EQUITY_L.csv
DELHIVERY,INE148O01028,True,True,EQ,EQUITY,,False,False,2026-08-21,https://nsearchives.nseindia.com/content/equities/EQUITY_L.csv
DELTACORP,INE124G01033,True,True,EQ,EQUITY,,False,False,2026-08-21,https://nsearchives.nseindia.com/content/equities/EQUITY_L.csv
DELTAMAGNT,INE393A01011,True,True,EQ,EQUITY,,False,False,2026-08-21,https://nsearchives.nseindia.com/content/equities/EQUITY_L.csv
DEN,INE947J01015,True,True,EQ,EQUITY,,False,False,2026-08-21,https://nsearchives.nseindia.com/content/equities/EQUITY_L.csv
DENORA,INE244A01016,True,True,EQ,EQUITY,,False,False,2026-08-21,https://nsearchives.nseindia.com/content/equities/EQUITY_L.csv
DENTA,INE0R4L01018,True,True,EQ,EQUITY,,False,False,2026-08-21,https://nsearchives.nseindia.com/content/equities/EQUITY_L.csv
DEVIT,INE060X01034,True,True,EQ,EQUITY,,False,False,2026-08-21,https://nsearchives.nseindia.com/content/equities/EQUITY_L.csv
DEVX,INE0VOV01021,True,True,EQ,EQUITY,,False,False,2026-08-21,https://nsearchives.nseindia.com/content/equities/EQUITY_L.csv
DEVYANI,INE872J01023,True,True,EQ,EQUITY,,False,False,2026-08-21,https://nsearchives.nseindia.com/content/equities/EQUITY_L.csv
DGCONTENT,INE03JI01017,True,True,EQ,EQUITY,,False,False,2026-08-21,https://nsearchives.nseindia.com/content/equities/EQUITY_L.csv
DHABRIYA,INE260R01016,True,True,EQ,EQUITY,,False,False,2026-08-21,https://nsearchives.nseindia.com/content/equities/EQUITY_L.csv
DHAMPURSUG,INE041A01016,True,True,EQ,EQUITY,,False,False,2026-08-21,https://nsearchives.nseindia.com/content/equities/EQUITY_L.csv
DHANBANK,INE680A01011,True,True,EQ,EQUITY,,False,False,2026-08-21,https://nsearchives.nseindia.com/content/equities/EQUITY_L.csv
DHANUKA,INE435G01025,True,True,EQ,EQUITY,,False,False,2026-08-21,https://nsearchives.nseindia.com/content/equities/EQUITY_L.csv
DHARMAJ,INE00OQ01016,True,True,EQ,EQUITY,,False,False,2026-08-21,https://nsearchives.nseindia.com/content/equities/EQUITY_L.csv
DHATRE,INE715T01031,True,True,EQ,EQUITY,,False,False,2026-08-21,https://nsearchives.nseindia.com/content/equities/EQUITY_L.csv
DHOOTTRANS,INE01NH01023,True,True,EQ,EQUITY,,False,False,2026-08-21,https://nsearchives.nseindia.com/content/equities/EQUITY_L.csv
DHRUV,INE506Z01015,True,True,EQ,EQUITY,,False,False,2026-08-21,https://nsearchives.nseindia.com/content/equities/EQUITY_L.csv
DHUNINV,INE320L01011,True,True,EQ,EQUITY,,False,False,2026-08-21,https://nsearchives.nseindia.com/content/equities/EQUITY_L.csv
DIAMINESQ,INE591D01014,True,True,EQ,EQUITY,,False,False,2026-08-21,https://nsearchives.nseindia.com/content/equities/EQUITY_L.csv
DIAMONDYD,INE393P01035,True,True,EQ,EQUITY,,False,False,2026-08-21,https://nsearchives.nseindia.com/content/equities/EQUITY_L.csv
DICIND,INE303A01010,True,True,EQ,EQUITY,,False,False,2026-08-21,https://nsearchives.nseindia.com/content/equities/EQUITY_L.csv
DIFFNKG,INE184O01015,True,True,EQ,EQUITY,,False,False,2026-08-21,https://nsearchives.nseindia.com/content/equities/EQUITY_L.csv
DIGIDRIVE,INE0PSC01024,True,True,EQ,EQUITY,,False,False,2026-08-21,https://nsearchives.nseindia.com/content/equities/EQUITY_L.csv
DIGISPICE,INE927C01020,True,True,EQ,EQUITY,,False,False,2026-08-21,https://nsearchives.nseindia.com/content/equities/EQUITY_L.csv
DIGITIDE,INE0U4701011,True,True,EQ,EQUITY,,False,False,2026-08-21,https://nsearchives.nseindia.com/content/equities/EQUITY_L.csv
DIGJAMLMTD,INE731U01028,True,True,EQ,EQUITY,,False,False,2026-08-21,https://nsearchives.nseindia.com/content/equities/EQUITY_L.csv
DISAQ,INE131C01011,True,True,EQ,EQUITY,,False,False,2026-08-21,https://nsearchives.nseindia.com/content/equities/EQUITY_L.csv
DISHTV,INE836F01026,True,True,EQ,EQUITY,,False,False,2026-08-21,https://nsearchives.nseindia.com/content/equities/EQUITY_L.csv
DIVGIITTS,INE753U01022,True,True,EQ,EQUITY,,False,False,2026-08-21,https://nsearchives.nseindia.com/content/equities/EQUITY_L.csv
DIVISLAB,INE361B01024,True,True,EQ,EQUITY,,False,False,2026-08-21,https://nsearchives.nseindia.com/content/equities/EQUITY_L.csv
DIXON,INE935N01020,True,True,EQ,EQUITY,,False,False,2026-08-21,https://nsearchives.nseindia.com/content/equities/EQUITY_L.csv
DJML,INE0B1K01014,True,True,EQ,EQUITY,,False,False,2026-08-21,https://nsearchives.nseindia.com/content/equities/EQUITY_L.csv
DLF,INE271C01023,True,True,EQ,EQUITY,,False,False,2026-08-21,https://nsearchives.nseindia.com/content/equities/EQUITY_L.csv
DLINKINDIA,INE250K01012,True,True,EQ,EQUITY,,False,False,2026-08-21,https://nsearchives.nseindia.com/content/equities/EQUITY_L.csv
DMART,INE192R01011,True,True,EQ,EQUITY,,False,False,2026-08-21,https://nsearchives.nseindia.com/content/equities/EQUITY_L.csv
DMCC,INE505A01010,True,True,EQ,EQUITY,,False,False,2026-08-21,https://nsearchives.nseindia.com/content/equities/EQUITY_L.csv
DNAMEDIA,INE016M01021,True,True,EQ,EQUITY,,False,False,2026-08-21,https://nsearchives.nseindia.com/content/equities/EQUITY_L.csv
DODLA,INE021O01019,True,True,EQ,EQUITY,,False,False,2026-08-21,https://nsearchives.nseindia.com/content/equities/EQUITY_L.csv
DOLATALGO,INE966A01022,True,True,EQ,EQUITY,,False,False,2026-08-21,https://nsearchives.nseindia.com/content/equities/EQUITY_L.csv
DOLLAR,INE325C01035,True,True,EQ,EQUITY,,False,False,2026-08-21,https://nsearchives.nseindia.com/content/equities/EQUITY_L.csv
DOLPHIN,INE920A01037,True,True,EQ,EQUITY,,False,False,2026-08-21,https://nsearchives.nseindia.com/content/equities/EQUITY_L.csv
DOMS,INE321T01012,True,True,EQ,EQUITY,,False,False,2026-08-21,https://nsearchives.nseindia.com/content/equities/EQUITY_L.csv
DONEAR,INE668D01028,True,True,EQ,EQUITY,,False,False,2026-08-21,https://nsearchives.nseindia.com/content/equities/EQUITY_L.csv
DPABHUSHAN,INE266Y01019,True,True,EQ,EQUITY,,False,False,2026-08-21,https://nsearchives.nseindia.com/content/equities/EQUITY_L.csv
DRAGARWQ,INE934C01018,True,True,EQ,EQUITY,,False,False,2026-08-21,https://nsearchives.nseindia.com/content/equities/EQUITY_L.csv
DRCSYSTEMS,INE03RS01027,True,True,EQ,EQUITY,,False,False,2026-08-21,https://nsearchives.nseindia.com/content/equities/EQUITY_L.csv
DREAMFOLKS,INE0JS101016,True,True,EQ,EQUITY,,False,False,2026-08-21,https://nsearchives.nseindia.com/content/equities/EQUITY_L.csv
DREDGECORP,INE506A01018,True,True,EQ,EQUITY,,False,False,2026-08-21,https://nsearchives.nseindia.com/content/equities/EQUITY_L.csv
DRREDDY,INE089A01031,True,True,EQ,EQUITY,,False,False,2026-08-21,https://nsearchives.nseindia.com/content/equities/EQUITY_L.csv
DSSL,INE417B01040,True,True,EQ,EQUITY,,False,False,2026-08-21,https://nsearchives.nseindia.com/content/equities/EQUITY_L.csv
DTIL,INE341R01014,True,True,EQ,EQUITY,,False,False,2026-08-21,https://nsearchives.nseindia.com/content/equities/EQUITY_L.csv
DUCON,INE741L01018,True,True,EQ,EQUITY,,False,False,2026-08-21,https://nsearchives.nseindia.com/content/equities/EQUITY_L.csv
DVL,INE477B01010,True,True,EQ,EQUITY,,False,False,2026-08-21,https://nsearchives.nseindia.com/content/equities/EQUITY_L.csv
DWARKESH,INE366A01041,True,True,EQ,EQUITY,,False,False,2026-08-21,https://nsearchives.nseindia.com/content/equities/EQUITY_L.csv
DYCL,INE600Y01019,True,True,EQ,EQUITY,,False,False,2026-08-21,https://nsearchives.nseindia.com/content/equities/EQUITY_L.csv
DYNAMATECH,INE221B01012,True,True,EQ,EQUITY,,False,False,2026-08-21,https://nsearchives.nseindia.com/content/equities/EQUITY_L.csv
DYNPRO,INE256H01015,True,True,EQ,EQUITY,,False,False,2026-08-21,https://nsearchives.nseindia.com/content/equities/EQUITY_L.csv
EASEMYTRIP,INE07O001026,True,True,EQ,EQUITY,,False,False,2026-08-21,https://nsearchives.nseindia.com/content/equities/EQUITY_L.csv
EASTWEST,INE595R01023,True,True,EQ,EQUITY,,False,False,2026-08-21,https://nsearchives.nseindia.com/content/equities/EQUITY_L.csv
EBGNG,INE18JU01028,True,True,EQ,EQUITY,,False,False,2026-08-21,https://nsearchives.nseindia.com/content/equities/EQUITY_L.csv
EBIX,INE432F01032,True,True,EQ,EQUITY,,False,False,2026-08-21,https://nsearchives.nseindia.com/content/equities/EQUITY_L.csv
ECLERX,INE738I01010,True,True,EQ,EQUITY,,False,False,2026-08-21,https://nsearchives.nseindia.com/content/equities/EQUITY_L.csv
ECORECO,INE316A01038,True,True,EQ,EQUITY,,False,False,2026-08-21,https://nsearchives.nseindia.com/content/equities/EQUITY_L.csv
EDELWEISS,INE532F01054,True,True,EQ,EQUITY,,False,False,2026-08-21,https://nsearchives.nseindia.com/content/equities/EQUITY_L.csv
EFCIL,INE886D01026,True,True,EQ,EQUITY,,False,False,2026-08-21,https://nsearchives.nseindia.com/content/equities/EQUITY_L.csv
EICHERMOT,INE066A01021,True,True,EQ,EQUITY,,False,False,2026-08-21,https://nsearchives.nseindia.com/content/equities/EQUITY_L.csv
EIDPARRY,INE126A01031,True,True,EQ,EQUITY,,False,False,2026-08-21,https://nsearchives.nseindia.com/content/equities/EQUITY_L.csv
EIEL,INE0LLY01014,True,True,EQ,EQUITY,,False,False,2026-08-21,https://nsearchives.nseindia.com/content/equities/EQUITY_L.csv
EIHAHOTELS,INE276C01014,True,True,EQ,EQUITY,,False,False,2026-08-21,https://nsearchives.nseindia.com/content/equities/EQUITY_L.csv
EIHOTEL,INE230A01023,True,True,EQ,EQUITY,,False,False,2026-08-21,https://nsearchives.nseindia.com/content/equities/EQUITY_L.csv
EIMCOELECO,INE158B01016,True,True,EQ,EQUITY,,False,False,2026-08-21,https://nsearchives.nseindia.com/content/equities/EQUITY_L.csv
EKC,INE184H01027,True,True,EQ,EQUITY,,False,False,2026-08-21,https://nsearchives.nseindia.com/content/equities/EQUITY_L.csv
EKI,INE0CPR01018,True,True,EQ,EQUITY,,False,False,2026-08-21,https://nsearchives.nseindia.com/content/equities/EQUITY_L.csv
ELANTAS,INE280B01018,True,True,EQ,EQUITY,,False,False,2026-08-21,https://nsearchives.nseindia.com/content/equities/EQUITY_L.csv
ELCIDIN,INE927X01018,True,True,EQ,EQUITY,,False,False,2026-08-21,https://nsearchives.nseindia.com/content/equities/EQUITY_L.csv
ELDEHSG,INE668G01021,True,True,EQ,EQUITY,,False,False,2026-08-21,https://nsearchives.nseindia.com/content/equities/EQUITY_L.csv
ELECON,INE205B01031,True,True,EQ,EQUITY,,False,False,2026-08-21,https://nsearchives.nseindia.com/content/equities/EQUITY_L.csv
ELECTCAST,INE086A01029,True,True,EQ,EQUITY,,False,False,2026-08-21,https://nsearchives.nseindia.com/content/equities/EQUITY_L.csv
ELECTHERM,INE822G01016,True,True,EQ,EQUITY,,False,False,2026-08-21,https://nsearchives.nseindia.com/content/equities/EQUITY_L.csv
ELGIEQUIP,INE285A01027,True,True,EQ,EQUITY,,False,False,2026-08-21,https://nsearchives.nseindia.com/content/equities/EQUITY_L.csv
ELGIRUBCO,INE819L01012,True,True,EQ,EQUITY,,False,False,2026-08-21,https://nsearchives.nseindia.com/content/equities/EQUITY_L.csv
ELIN,INE050401020,True,True,EQ,EQUITY,,False,False,2026-08-21,https://nsearchives.nseindia.com/content/equities/EQUITY_L.csv
ELITECON,INE669R01026,True,True,EQ,EQUITY,,False,False,2026-08-21,https://nsearchives.nseindia.com/content/equities/EQUITY_L.csv
ELLEN,INE236E01022,True,True,EQ,EQUITY,,False,False,2026-08-21,https://nsearchives.nseindia.com/content/equities/EQUITY_L.csv
ELPROINTL,INE579B01039,True,True,EQ,EQUITY,,False,False,2026-08-21,https://nsearchives.nseindia.com/content/equities/EQUITY_L.csv
EMAMILTD,INE548C01032,True,True,EQ,EQUITY,,False,False,2026-08-21,https://nsearchives.nseindia.com/content/equities/EQUITY_L.csv
EMAMIREAL,INE778K01012,True,True,EQ,EQUITY,,False,False,2026-08-21,https://nsearchives.nseindia.com/content/equities/EQUITY_L.csv
EMBDL,INE069I01010,True,True,EQ,EQUITY,,False,False,2026-08-21,https://nsearchives.nseindia.com/content/equities/EQUITY_L.csv
EMCURE,INE168P01015,True,True,EQ,EQUITY,,False,False,2026-08-21,https://nsearchives.nseindia.com/content/equities/EQUITY_L.csv
EMIL,INE02YR01019,True,True,EQ,EQUITY,,False,False,2026-08-21,https://nsearchives.nseindia.com/content/equities/EQUITY_L.csv
EMKAY,INE296H01011,True,True,EQ,EQUITY,,False,False,2026-08-21,https://nsearchives.nseindia.com/content/equities/EQUITY_L.csv
EMMVEE,INE1C6T01020,True,True,EQ,EQUITY,,False,False,2026-08-21,https://nsearchives.nseindia.com/content/equities/EQUITY_L.csv
EMPIND,INE515H01014,True,True,EQ,EQUITY,,False,False,2026-08-21,https://nsearchives.nseindia.com/content/equities/EQUITY_L.csv
EMPOWER,INE507F01023,True,True,EQ,EQUITY,,False,False,2026-08-21,https://nsearchives.nseindia.com/content/equities/EQUITY_L.csv
EMSLIMITED,INE0OV601013,True,True,EQ,EQUITY,,False,False,2026-08-21,https://nsearchives.nseindia.com/content/equities/EQUITY_L.csv
EMUDHRA,INE01QM01018,True,True,EQ,EQUITY,,False,False,2026-08-21,https://nsearchives.nseindia.com/content/equities/EQUITY_L.csv
ENDURANCE,INE913H01037,True,True,EQ,EQUITY,,False,False,2026-08-21,https://nsearchives.nseindia.com/content/equities/EQUITY_L.csv
ENERGYDEV,INE306C01019,True,True,EQ,EQUITY,,False,False,2026-08-21,https://nsearchives.nseindia.com/content/equities/EQUITY_L.csv
ENGINERSIN,INE510A01028,True,True,EQ,EQUITY,,False,False,2026-08-21,https://nsearchives.nseindia.com/content/equities/EQUITY_L.csv
ENIL,INE265F01028,True,True,EQ,EQUITY,,False,False,2026-08-21,https://nsearchives.nseindia.com/content/equities/EQUITY_L.csv
ENKEIWHEL,INE130L01014,True,True,EQ,EQUITY,,False,False,2026-08-21,https://nsearchives.nseindia.com/content/equities/EQUITY_L.csv
ENRIN,INE1NPP01017,True,True,EQ,EQUITY,,False,False,2026-08-21,https://nsearchives.nseindia.com/content/equities/EQUITY_L.csv
ENTERO,INE010601016,True,True,EQ,EQUITY,,False,False,2026-08-21,https://nsearchives.nseindia.com/content/equities/EQUITY_L.csv
EPACK,INE0G5901015,True,True,EQ,EQUITY,,False,False,2026-08-21,https://nsearchives.nseindia.com/content/equities/EQUITY_L.csv
EPACKPEB,INE0MLS01022,True,True,EQ,EQUITY,,False,False,2026-08-21,https://nsearchives.nseindia.com/content/equities/EQUITY_L.csv
EPIGRAL,INE071N01016,True,True,EQ,EQUITY,,False,False,2026-08-21,https://nsearchives.nseindia.com/content/equities/EQUITY_L.csv
EPL,INE255A01020,True,True,EQ,EQUITY,,False,False,2026-08-21,https://nsearchives.nseindia.com/content/equities/EQUITY_L.csv
EQUITASBNK,INE063P01018,True,True,EQ,EQUITY,,False,False,2026-08-21,https://nsearchives.nseindia.com/content/equities/EQUITY_L.csv
ERIS,INE406M01024,True,True,EQ,EQUITY,,False,False,2026-08-21,https://nsearchives.nseindia.com/content/equities/EQUITY_L.csv
ESABINDIA,INE284A01012,True,True,EQ,EQUITY,,False,False,2026-08-21,https://nsearchives.nseindia.com/content/equities/EQUITY_L.csv
ESCORTS,INE042A01014,True,True,EQ,EQUITY,,False,False,2026-08-21,https://nsearchives.nseindia.com/content/equities/EQUITY_L.csv
ESSARSHPNG,INE122M01019,True,True,EQ,EQUITY,,False,False,2026-08-21,https://nsearchives.nseindia.com/content/equities/EQUITY_L.csv
ESSENTIA,INE418N01035,True,True,EQ,EQUITY,,False,False,2026-08-21,https://nsearchives.nseindia.com/content/equities/EQUITY_L.csv
ESTER,INE778B01029,True,True,EQ,EQUITY,,False,False,2026-08-21,https://nsearchives.nseindia.com/content/equities/EQUITY_L.csv
ETERNAL,INE758T01015,True,True,EQ,EQUITY,,False,False,2026-08-21,https://nsearchives.nseindia.com/content/equities/EQUITY_L.csv
ETHOSLTD,INE04TZ01018,True,True,EQ,EQUITY,,False,False,2026-08-21,https://nsearchives.nseindia.com/content/equities/EQUITY_L.csv
EUREKAFORB,INE0KCE01017,True,True,EQ,EQUITY,,False,False,2026-08-21,https://nsearchives.nseindia.com/content/equities/EQUITY_L.csv
EUROBOND,INE505V01016,True,True,EQ,EQUITY,,False,False,2026-08-21,https://nsearchives.nseindia.com/content/equities/EQUITY_L.csv
EUROPRATIK,INE198501012,True,True,EQ,EQUITY,,False,False,2026-08-21,https://nsearchives.nseindia.com/content/equities/EQUITY_L.csv
EVEREADY,INE128A01029,True,True,EQ,EQUITY,,False,False,2026-08-21,https://nsearchives.nseindia.com/content/equities/EQUITY_L.csv
EXCELINDUS,INE369A01029,True,True,EQ,EQUITY,,False,False,2026-08-21,https://nsearchives.nseindia.com/content/equities/EQUITY_L.csv
EXCELSOFT,INE606N01019,True,True,EQ,EQUITY,,False,False,2026-08-21,https://nsearchives.nseindia.com/content/equities/EQUITY_L.csv
EXICOM,INE777F01014,True,True,EQ,EQUITY,,False,False,2026-08-21,https://nsearchives.nseindia.com/content/equities/EQUITY_L.csv
EXIDEIND,INE302A01020,True,True,EQ,EQUITY,,False,False,2026-08-21,https://nsearchives.nseindia.com/content/equities/EQUITY_L.csv
EXPLEOSOL,INE201K01015,True,True,EQ,EQUITY,,False,False,2026-08-21,https://nsearchives.nseindia.com/content/equities/EQUITY_L.csv
EXXARO,INE0GFE01026,True,True,EQ,EQUITY,,False,False,2026-08-21,https://nsearchives.nseindia.com/content/equities/EQUITY_L.csv
FABTECH,INE0HF201011,True,True,EQ,EQUITY,,False,False,2026-08-21,https://nsearchives.nseindia.com/content/equities/EQUITY_L.csv
FACT,INE188A01015,True,True,EQ,EQUITY,,False,False,2026-08-21,https://nsearchives.nseindia.com/content/equities/EQUITY_L.csv
FAZE3Q,INE963C01033,True,True,EQ,EQUITY,,False,False,2026-08-21,https://nsearchives.nseindia.com/content/equities/EQUITY_L.csv
FCL,INE045J01034,True,True,EQ,EQUITY,,False,False,2026-08-21,https://nsearchives.nseindia.com/content/equities/EQUITY_L.csv
FCSSOFT,INE512B01022,True,True,EQ,EQUITY,,False,False,2026-08-21,https://nsearchives.nseindia.com/content/equities/EQUITY_L.csv
FDC,INE258B01022,True,True,EQ,EQUITY,,False,False,2026-08-21,https://nsearchives.nseindia.com/content/equities/EQUITY_L.csv
FEDDERSHOL,INE417D01020,True,True,EQ,EQUITY,,False,False,2026-08-21,https://nsearchives.nseindia.com/content/equities/EQUITY_L.csv
FEDERALBNK,INE171A01029,True,True,EQ,EQUITY,,False,False,2026-08-21,https://nsearchives.nseindia.com/content/equities/EQUITY_L.csv
FEDFINA,INE007N01010,True,True,EQ,EQUITY,,False,False,2026-08-21,https://nsearchives.nseindia.com/content/equities/EQUITY_L.csv
FERMENTA,INE225B01021,True,True,EQ,EQUITY,,False,False,2026-08-21,https://nsearchives.nseindia.com/content/equities/EQUITY_L.csv
FIBERWEB,INE296C01020,True,True,EQ,EQUITY,,False,False,2026-08-21,https://nsearchives.nseindia.com/content/equities/EQUITY_L.csv
FIEMIND,INE737H01014,True,True,EQ,EQUITY,,False,False,2026-08-21,https://nsearchives.nseindia.com/content/equities/EQUITY_L.csv
FILATEX,INE816B01035,True,True,EQ,EQUITY,,False,False,2026-08-21,https://nsearchives.nseindia.com/content/equities/EQUITY_L.csv
FILATFASH,INE185E01021,True,True,EQ,EQUITY,,False,False,2026-08-21,https://nsearchives.nseindia.com/content/equities/EQUITY_L.csv
FINCABLES,INE235A01022,True,True,EQ,EQUITY,,False,False,2026-08-21,https://nsearchives.nseindia.com/content/equities/EQUITY_L.csv
FINEORG,INE686Y01026,True,True,EQ,EQUITY,,False,False,2026-08-21,https://nsearchives.nseindia.com/content/equities/EQUITY_L.csv
FINKURVE,INE734I01027,True,True,EQ,EQUITY,,False,False,2026-08-21,https://nsearchives.nseindia.com/content/equities/EQUITY_L.csv
FINOPB,INE02NC01014,True,True,EQ,EQUITY,,False,False,2026-08-21,https://nsearchives.nseindia.com/content/equities/EQUITY_L.csv
FINPIPE,INE183A01024,True,True,EQ,EQUITY,,False,False,2026-08-21,https://nsearchives.nseindia.com/content/equities/EQUITY_L.csv
FIRSTCRY,INE02RE01045,True,True,EQ,EQUITY,,False,False,2026-08-21,https://nsearchives.nseindia.com/content/equities/EQUITY_L.csv
FISCHER,INE771F01041,True,True,EQ,EQUITY,,False,False,2026-08-21,https://nsearchives.nseindia.com/content/equities/EQUITY_L.csv
FIVESTAR,INE128S01021,True,True,EQ,EQUITY,,False,False,2026-08-21,https://nsearchives.nseindia.com/content/equities/EQUITY_L.csv
FLAIR,INE00Y201027,True,True,EQ,EQUITY,,False,False,2026-08-21,https://nsearchives.nseindia.com/content/equities/EQUITY_L.csv
FLUOROCHEM,INE09N301011,True,True,EQ,EQUITY,,False,False,2026-08-21,https://nsearchives.nseindia.com/content/equities/EQUITY_L.csv
FMGOETZE,INE529A01010,True,True,EQ,EQUITY,,False,False,2026-08-21,https://nsearchives.nseindia.com/content/equities/EQUITY_L.csv
FOODSIN,INE976E01023,True,True,EQ,EQUITY,,False,False,2026-08-21,https://nsearchives.nseindia.com/content/equities/EQUITY_L.csv
FORCEMOT,INE451A01017,True,True,EQ,EQUITY,,False,False,2026-08-21,https://nsearchives.nseindia.com/content/equities/EQUITY_L.csv
FORTIS,INE061F01013,True,True,EQ,EQUITY,,False,False,2026-08-21,https://nsearchives.nseindia.com/content/equities/EQUITY_L.csv
FOSECOIND,INE519A01011,True,True,EQ,EQUITY,,False,False,2026-08-21,https://nsearchives.nseindia.com/content/equities/EQUITY_L.csv
FRACTAL,INE212S01015,True,True,EQ,EQUITY,,False,False,2026-08-21,https://nsearchives.nseindia.com/content/equities/EQUITY_L.csv
FREDUN,INE194R01017,True,True,EQ,EQUITY,,False,False,2026-08-21,https://nsearchives.nseindia.com/content/equities/EQUITY_L.csv
FRONTSP,INE572D01014,True,True,EQ,EQUITY,,False,False,2026-08-21,https://nsearchives.nseindia.com/content/equities/EQUITY_L.csv
FSL,INE684F01012,True,True,EQ,EQUITY,,False,False,2026-08-21,https://nsearchives.nseindia.com/content/equities/EQUITY_L.csv
FUSION,INE139R01012,True,True,EQ,EQUITY,,False,False,2026-08-21,https://nsearchives.nseindia.com/content/equities/EQUITY_L.csv
GABRIEL,INE524A01029,True,True,EQ,EQUITY,,False,False,2026-08-21,https://nsearchives.nseindia.com/content/equities/EQUITY_L.csv
GAEL,INE036B01030,True,True,EQ,EQUITY,,False,False,2026-08-21,https://nsearchives.nseindia.com/content/equities/EQUITY_L.csv
GAIL,INE129A01019,True,True,EQ,EQUITY,,False,False,2026-08-21,https://nsearchives.nseindia.com/content/equities/EQUITY_L.csv
GALAPREC,INE0RE001014,True,True,EQ,EQUITY,,False,False,2026-08-21,https://nsearchives.nseindia.com/content/equities/EQUITY_L.csv
GALAXYSURF,INE600K01018,True,True,EQ,EQUITY,,False,False,2026-08-21,https://nsearchives.nseindia.com/content/equities/EQUITY_L.csv
GALLANTT,INE297H01019,True,True,EQ,EQUITY,,False,False,2026-08-21,https://nsearchives.nseindia.com/content/equities/EQUITY_L.csv
GANDHAR,INE717W01049,True,True,EQ,EQUITY,,False,False,2026-08-21,https://nsearchives.nseindia.com/content/equities/EQUITY_L.csv
GANDHITUBE,INE524B01027,True,True,EQ,EQUITY,,False,False,2026-08-21,https://nsearchives.nseindia.com/content/equities/EQUITY_L.csv
GANECOS,INE845D01014,True,True,EQ,EQUITY,,False,False,2026-08-21,https://nsearchives.nseindia.com/content/equities/EQUITY_L.csv
GANESHCP,INE652V01016,True,True,EQ,EQUITY,,False,False,2026-08-21,https://nsearchives.nseindia.com/content/equities/EQUITY_L.csv
GANESHHOU,INE460C01014,True,True,EQ,EQUITY,,False,False,2026-08-21,https://nsearchives.nseindia.com/content/equities/EQUITY_L.csv
GANGAFORGE,INE691Z01023,True,True,EQ,EQUITY,,False,False,2026-08-21,https://nsearchives.nseindia.com/content/equities/EQUITY_L.csv
GANGESSECU,INE335W01016,True,True,EQ,EQUITY,,False,False,2026-08-21,https://nsearchives.nseindia.com/content/equities/EQUITY_L.csv
GARFIBRES,INE276A01018,True,True,EQ,EQUITY,,False,False,2026-08-21,https://nsearchives.nseindia.com/content/equities/EQUITY_L.csv
GARUDA,INE0JVO01026,True,True,EQ,EQUITY,,False,False,2026-08-21,https://nsearchives.nseindia.com/content/equities/EQUITY_L.csv
GATEWAY,INE079J01017,True,True,EQ,EQUITY,,False,False,2026-08-21,https://nsearchives.nseindia.com/content/equities/EQUITY_L.csv
GAYAHWS,INE287Z01012,True,True,EQ,EQUITY,,False,False,2026-08-21,https://nsearchives.nseindia.com/content/equities/EQUITY_L.csv
GCSL,INE199P01028,True,True,EQ,EQUITY,,False,False,2026-08-21,https://nsearchives.nseindia.com/content/equities/EQUITY_L.csv
GEEKAYWIRE,INE669X01032,True,True,EQ,EQUITY,,False,False,2026-08-21,https://nsearchives.nseindia.com/content/equities/EQUITY_L.csv
GEMAROMA,INE06XZ01023,True,True,EQ,EQUITY,,False,False,2026-08-21,https://nsearchives.nseindia.com/content/equities/EQUITY_L.csv
GENCON,INE854S01022,True,True,EQ,EQUITY,,False,False,2026-08-21,https://nsearchives.nseindia.com/content/equities/EQUITY_L.csv
GENESYS,INE727B01026,True,True,EQ,EQUITY,,False,False,2026-08-21,https://nsearchives.nseindia.com/content/equities/EQUITY_L.csv
GENUSPAPER,INE949P01018,True,True,EQ,EQUITY,,False,False,2026-08-21,https://nsearchives.nseindia.com/content/equities/EQUITY_L.csv
GENUSPOWER,INE955D01029,True,True,EQ,EQUITY,,False,False,2026-08-21,https://nsearchives.nseindia.com/content/equities/EQUITY_L.csv
GEOJITFSL,INE007B01023,True,True,EQ,EQUITY,,False,False,2026-08-21,https://nsearchives.nseindia.com/content/equities/EQUITY_L.csv
GESHIP,INE017A01032,True,True,EQ,EQUITY,,False,False,2026-08-21,https://nsearchives.nseindia.com/content/equities/EQUITY_L.csv
GFLLIMITED,INE538A01037,True,True,EQ,EQUITY,,False,False,2026-08-21,https://nsearchives.nseindia.com/content/equities/EQUITY_L.csv
GHCL,INE539A01019,True,True,EQ,EQUITY,,False,False,2026-08-21,https://nsearchives.nseindia.com/content/equities/EQUITY_L.csv
GHCLTEXTIL,INE0PA801013,True,True,EQ,EQUITY,,False,False,2026-08-21,https://nsearchives.nseindia.com/content/equities/EQUITY_L.csv
GICHSGFIN,INE289B01019,True,True,EQ,EQUITY,,False,False,2026-08-21,https://nsearchives.nseindia.com/content/equities/EQUITY_L.csv
GICL,INE947T01022,True,True,EQ,EQUITY,,False,False,2026-08-21,https://nsearchives.nseindia.com/content/equities/EQUITY_L.csv
GICRE,INE481Y01014,True,True,EQ,EQUITY,,False,False,2026-08-21,https://nsearchives.nseindia.com/content/equities/EQUITY_L.csv
GILLANDERS,INE047B01011,True,True,EQ,EQUITY,,False,False,2026-08-21,https://nsearchives.nseindia.com/content/equities/EQUITY_L.csv
GILLETTE,INE322A01010,True,True,EQ,EQUITY,,False,False,2026-08-21,https://nsearchives.nseindia.com/content/equities/EQUITY_L.csv
GIPCL,INE162A01010,True,True,EQ,EQUITY,,False,False,2026-08-21,https://nsearchives.nseindia.com/content/equities/EQUITY_L.csv
GKB,INE265D01015,True,True,EQ,EQUITY,,False,False,2026-08-21,https://nsearchives.nseindia.com/content/equities/EQUITY_L.csv
GKENERGY,INE1AG301022,True,True,EQ,EQUITY,,False,False,2026-08-21,https://nsearchives.nseindia.com/content/equities/EQUITY_L.csv
GKSL,INE0V0W01025,True,True,EQ,EQUITY,,False,False,2026-08-21,https://nsearchives.nseindia.com/content/equities/EQUITY_L.csv
GKWLIMITED,INE528A01020,True,True,EQ,EQUITY,,False,False,2026-08-21,https://nsearchives.nseindia.com/content/equities/EQUITY_L.csv
GLAND,INE068V01023,True,True,EQ,EQUITY,,False,False,2026-08-21,https://nsearchives.nseindia.com/content/equities/EQUITY_L.csv
GLAXO,INE159A01016,True,True,EQ,EQUITY,,False,False,2026-08-21,https://nsearchives.nseindia.com/content/equities/EQUITY_L.csv
GLENMARK,INE935A01035,True,True,EQ,EQUITY,,False,False,2026-08-21,https://nsearchives.nseindia.com/content/equities/EQUITY_L.csv
GLFL,INE540A01017,True,True,EQ,EQUITY,,False,False,2026-08-21,https://nsearchives.nseindia.com/content/equities/EQUITY_L.csv
GLOBAL,INE291W01037,True,True,EQ,EQUITY,,False,False,2026-08-21,https://nsearchives.nseindia.com/content/equities/EQUITY_L.csv
GLOBALE,INE0URU01010,True,True,EQ,EQUITY,,False,False,2026-08-21,https://nsearchives.nseindia.com/content/equities/EQUITY_L.csv
GLOBALVECT,INE792H01019,True,True,EQ,EQUITY,,False,False,2026-08-21,https://nsearchives.nseindia.com/content/equities/EQUITY_L.csv
GLOBE,INE581X01021,True,True,EQ,EQUITY,,False,False,2026-08-21,https://nsearchives.nseindia.com/content/equities/EQUITY_L.csv
GLOBECIVIL,INE0V3U01015,True,True,EQ,EQUITY,,False,False,2026-08-21,https://nsearchives.nseindia.com/content/equities/EQUITY_L.csv
GLOBUSSPR,INE615I01010,True,True,EQ,EQUITY,,False,False,2026-08-21,https://nsearchives.nseindia.com/content/equities/EQUITY_L.csv
GLOSTERLTD,INE350Z01018,True,True,EQ,EQUITY,,False,False,2026-08-21,https://nsearchives.nseindia.com/content/equities/EQUITY_L.csv
GMBREW,INE075D01018,True,True,EQ,EQUITY,,False,False,2026-08-21,https://nsearchives.nseindia.com/content/equities/EQUITY_L.csv
GMDCLTD,INE131A01031,True,True,EQ,EQUITY,,False,False,2026-08-21,https://nsearchives.nseindia.com/content/equities/EQUITY_L.csv
GMMPFAUDLR,INE541A01023,True,True,EQ,EQUITY,,False,False,2026-08-21,https://nsearchives.nseindia.com/content/equities/EQUITY_L.csv
GMRAIRPORT,INE776C01039,True,True,EQ,EQUITY,,False,False,2026-08-21,https://nsearchives.nseindia.com/content/equities/EQUITY_L.csv
GMRP&UI,INE0CU601026,True,True,EQ,EQUITY,,False,False,2026-08-21,https://nsearchives.nseindia.com/content/equities/EQUITY_L.csv
GNA,INE934S01014,True,True,EQ,EQUITY,,False,False,2026-08-21,https://nsearchives.nseindia.com/content/equities/EQUITY_L.csv
GNFC,INE113A01013,True,True,EQ,EQUITY,,False,False,2026-08-21,https://nsearchives.nseindia.com/content/equities/EQUITY_L.csv
GNRL,INE207H01018,True,True,EQ,EQUITY,,False,False,2026-08-21,https://nsearchives.nseindia.com/content/equities/EQUITY_L.csv
GOACARBON,INE426D01013,True,True,EQ,EQUITY,,False,False,2026-08-21,https://nsearchives.nseindia.com/content/equities/EQUITY_L.csv
GOCLCORP,INE077F01035,True,True,EQ,EQUITY,,False,False,2026-08-21,https://nsearchives.nseindia.com/content/equities/EQUITY_L.csv
GOCOLORS,INE0BJS01011,True,True,EQ,EQUITY,,False,False,2026-08-21,https://nsearchives.nseindia.com/content/equities/EQUITY_L.csv
GODAVARIB,INE497S01012,True,True,EQ,EQUITY,,False,False,2026-08-21,https://nsearchives.nseindia.com/content/equities/EQUITY_L.csv
GODFRYPHLP,INE260B01028,True,True,EQ,EQUITY,,False,False,2026-08-21,https://nsearchives.nseindia.com/content/equities/EQUITY_L.csv
GODIGIT,INE03JT01014,True,True,EQ,EQUITY,,False,False,2026-08-21,https://nsearchives.nseindia.com/content/equities/EQUITY_L.csv
GODREJAGRO,INE850D01014,True,True,EQ,EQUITY,,False,False,2026-08-21,https://nsearchives.nseindia.com/content/equities/EQUITY_L.csv
GODREJCP,INE102D01028,True,True,EQ,EQUITY,,False,False,2026-08-21,https://nsearchives.nseindia.com/content/equities/EQUITY_L.csv
GODREJIND,INE233A01035,True,True,EQ,EQUITY,,False,False,2026-08-21,https://nsearchives.nseindia.com/content/equities/EQUITY_L.csv
GODREJPROP,INE484J01027,True,True,EQ,EQUITY,,False,False,2026-08-21,https://nsearchives.nseindia.com/content/equities/EQUITY_L.csv
GOKEX,INE887G01027,True,True,EQ,EQUITY,,False,False,2026-08-21,https://nsearchives.nseindia.com/content/equities/EQUITY_L.csv
GOKUL,INE020J01029,True,True,EQ,EQUITY,,False,False,2026-08-21,https://nsearchives.nseindia.com/content/equities/EQUITY_L.csv
GOKULAGRO,INE314T01033,True,True,EQ,EQUITY,,False,False,2026-08-21,https://nsearchives.nseindia.com/content/equities/EQUITY_L.csv
GOLDIAM,INE025B01025,True,True,EQ,EQUITY,,False,False,2026-08-21,https://nsearchives.nseindia.com/content/equities/EQUITY_L.csv
GOODLUCK,INE127I01024,True,True,EQ,EQUITY,,False,False,2026-08-21,https://nsearchives.nseindia.com/content/equities/EQUITY_L.csv
GOODYEAR,INE533A01012,True,True,EQ,EQUITY,,False,False,2026-08-21,https://nsearchives.nseindia.com/content/equities/EQUITY_L.csv
GOPAL,INE0L9R01028,True,True,EQ,EQUITY,,False,False,2026-08-21,https://nsearchives.nseindia.com/content/equities/EQUITY_L.csv
GOYALALUM,INE705X01026,True,True,EQ,EQUITY,,False,False,2026-08-21,https://nsearchives.nseindia.com/content/equities/EQUITY_L.csv
GPIL,INE177H01039,True,True,EQ,EQUITY,,False,False,2026-08-21,https://nsearchives.nseindia.com/content/equities/EQUITY_L.csv
GPPL,INE517F01014,True,True,EQ,EQUITY,,False,False,2026-08-21,https://nsearchives.nseindia.com/content/equities/EQUITY_L.csv
GPTHEALTH,INE486R01017,True,True,EQ,EQUITY,,False,False,2026-08-21,https://nsearchives.nseindia.com/content/equities/EQUITY_L.csv
GPTINFRA,INE390G01014,True,True,EQ,EQUITY,,False,False,2026-08-21,https://nsearchives.nseindia.com/content/equities/EQUITY_L.csv
GRADIENTE,INE361K01017,True,True,EQ,EQUITY,,False,False,2026-08-21,https://nsearchives.nseindia.com/content/equities/EQUITY_L.csv
GRANDOAK,INE926B01016,True,True,EQ,EQUITY,,False,False,2026-08-21,https://nsearchives.nseindia.com/content/equities/EQUITY_L.csv
GRANULES,INE101D01020,True,True,EQ,EQUITY,,False,False,2026-08-21,https://nsearchives.nseindia.com/content/equities/EQUITY_L.csv
GRAPHITE,INE371A01025,True,True,EQ,EQUITY,,False,False,2026-08-21,https://nsearchives.nseindia.com/content/equities/EQUITY_L.csv
GRASIM,INE047A01021,True,True,EQ,EQUITY,,False,False,2026-08-21,https://nsearchives.nseindia.com/content/equities/EQUITY_L.csv
GRAUWEIL,INE266D01021,True,True,EQ,EQUITY,,False,False,2026-08-21,https://nsearchives.nseindia.com/content/equities/EQUITY_L.csv
GRAVISSHO,INE214F01026,True,True,EQ,EQUITY,,False,False,2026-08-21,https://nsearchives.nseindia.com/content/equities/EQUITY_L.csv
GRAVITA,INE024L01027,True,True,EQ,EQUITY,,False,False,2026-08-21,https://nsearchives.nseindia.com/content/equities/EQUITY_L.csv
GREAVESCOT,INE224A01026,True,True,EQ,EQUITY,,False,False,2026-08-21,https://nsearchives.nseindia.com/content/equities/EQUITY_L.csv
GREENLAM,INE544R01021,True,True,EQ,EQUITY,,False,False,2026-08-21,https://nsearchives.nseindia.com/content/equities/EQUITY_L.csv
GREENPANEL,INE08ZM01014,True,True,EQ,EQUITY,,False,False,2026-08-21,https://nsearchives.nseindia.com/content/equities/EQUITY_L.csv
GREENPLY,INE461C01038,True,True,EQ,EQUITY,,False,False,2026-08-21,https://nsearchives.nseindia.com/content/equities/EQUITY_L.csv
GREENPOWER,INE999K01014,True,True,EQ,EQUITY,,False,False,2026-08-21,https://nsearchives.nseindia.com/content/equities/EQUITY_L.csv
GRINDWELL,INE536A01023,True,True,EQ,EQUITY,,False,False,2026-08-21,https://nsearchives.nseindia.com/content/equities/EQUITY_L.csv
GRINFRA,INE201P01022,True,True,EQ,EQUITY,,False,False,2026-08-21,https://nsearchives.nseindia.com/content/equities/EQUITY_L.csv
GRMOVER,INE192H01020,True,True,EQ,EQUITY,,False,False,2026-08-21,https://nsearchives.nseindia.com/content/equities/EQUITY_L.csv
GROBTEA,INE646C01018,True,True,EQ,EQUITY,,False,False,2026-08-21,https://nsearchives.nseindia.com/content/equities/EQUITY_L.csv
GROWW,INE0HOQ01053,True,True,EQ,EQUITY,,False,False,2026-08-21,https://nsearchives.nseindia.com/content/equities/EQUITY_L.csv
GRPLTD,INE137I01015,True,True,EQ,EQUITY,,False,False,2026-08-21,https://nsearchives.nseindia.com/content/equities/EQUITY_L.csv
GRSE,INE382Z01011,True,True,EQ,EQUITY,,False,False,2026-08-21,https://nsearchives.nseindia.com/content/equities/EQUITY_L.csv
GRWRHITECH,INE291A01017,True,True,EQ,EQUITY,,False,False,2026-08-21,https://nsearchives.nseindia.com/content/equities/EQUITY_L.csv
GSFC,INE026A01025,True,True,EQ,EQUITY,,False,False,2026-08-21,https://nsearchives.nseindia.com/content/equities/EQUITY_L.csv
GSLSU,INE0JSX01015,True,True,EQ,EQUITY,,False,False,2026-08-21,https://nsearchives.nseindia.com/content/equities/EQUITY_L.csv
GSPCROP,INE713R01022,True,True,EQ,EQUITY,,False,False,2026-08-21,https://nsearchives.nseindia.com/content/equities/EQUITY_L.csv
GSS,INE871H01011,True,True,EQ,EQUITY,,False,False,2026-08-21,https://nsearchives.nseindia.com/content/equities/EQUITY_L.csv
GTL,INE043A01012,True,True,EQ,EQUITY,,False,False,2026-08-21,https://nsearchives.nseindia.com/content/equities/EQUITY_L.csv
GTLINFRA,INE221H01019,True,True,EQ,EQUITY,,False,False,2026-08-21,https://nsearchives.nseindia.com/content/equities/EQUITY_L.csv
GTPL,INE869I01013,True,True,EQ,EQUITY,,False,False,2026-08-21,https://nsearchives.nseindia.com/content/equities/EQUITY_L.csv
GUFICBIO,INE742B01025,True,True,EQ,EQUITY,,False,False,2026-08-21,https://nsearchives.nseindia.com/content/equities/EQUITY_L.csv
GUJALKALI,INE186A01019,True,True,EQ,EQUITY,,False,False,2026-08-21,https://nsearchives.nseindia.com/content/equities/EQUITY_L.csv
GUJAPOLLO,INE826C01016,True,True,EQ,EQUITY,,False,False,2026-08-21,https://nsearchives.nseindia.com/content/equities/EQUITY_L.csv
GUJENERGY,INE844O01030,True,True,EQ,EQUITY,,False,False,2026-08-21,https://nsearchives.nseindia.com/content/equities/EQUITY_L.csv
GUJRAFFIA,INE610B01024,True,True,EQ,EQUITY,,False,False,2026-08-21,https://nsearchives.nseindia.com/content/equities/EQUITY_L.csv
GUJTHEM,INE942C01045,True,True,EQ,EQUITY,,False,False,2026-08-21,https://nsearchives.nseindia.com/content/equities/EQUITY_L.csv
GULFOILLUB,INE635Q01029,True,True,EQ,EQUITY,,False,False,2026-08-21,https://nsearchives.nseindia.com/content/equities/EQUITY_L.csv
GULPOLY,INE255D01024,True,True,EQ,EQUITY,,False,False,2026-08-21,https://nsearchives.nseindia.com/content/equities/EQUITY_L.csv
GVPIL,INE878A01011,True,True,EQ,EQUITY,,False,False,2026-08-21,https://nsearchives.nseindia.com/content/equities/EQUITY_L.csv
GVPTECH,INE382T01030,True,True,EQ,EQUITY,,False,False,2026-08-21,https://nsearchives.nseindia.com/content/equities/EQUITY_L.csv
GVT&D,INE200A01026,True,True,EQ,EQUITY,,False,False,2026-08-21,https://nsearchives.nseindia.com/content/equities/EQUITY_L.csv
GYFTR,INE724A01017,True,True,EQ,EQUITY,,False,False,2026-08-21,https://nsearchives.nseindia.com/content/equities/EQUITY_L.csv
HAL,INE066F01020,True,True,EQ,EQUITY,,False,False,2026-08-21,https://nsearchives.nseindia.com/content/equities/EQUITY_L.csv
HALDER,INE115S01010,True,True,EQ,EQUITY,,False,False,2026-08-21,https://nsearchives.nseindia.com/content/equities/EQUITY_L.csv
HALEOSLABS,INE320X01016,True,True,EQ,EQUITY,,False,False,2026-08-21,https://nsearchives.nseindia.com/content/equities/EQUITY_L.csv
HAMPTON,INE299D01022,True,True,EQ,EQUITY,,False,False,2026-08-21,https://nsearchives.nseindia.com/content/equities/EQUITY_L.csv
HAPPSTMNDS,INE419U01012,True,True,EQ,EQUITY,,False,False,2026-08-21,https://nsearchives.nseindia.com/content/equities/EQUITY_L.csv
HAPPYFORGE,INE330T01021,True,True,EQ,EQUITY,,False,False,2026-08-21,https://nsearchives.nseindia.com/content/equities/EQUITY_L.csv
HARDWYN,INE626Z01029,True,True,EQ,EQUITY,,False,False,2026-08-21,https://nsearchives.nseindia.com/content/equities/EQUITY_L.csv
HARIOMPIPE,INE00EV01017,True,True,EQ,EQUITY,,False,False,2026-08-21,https://nsearchives.nseindia.com/content/equities/EQUITY_L.csv
HARRMALAYA,INE544A01019,True,True,EQ,EQUITY,,False,False,2026-08-21,https://nsearchives.nseindia.com/content/equities/EQUITY_L.csv
HARSHA,INE0JUS01029,True,True,EQ,EQUITY,,False,False,2026-08-21,https://nsearchives.nseindia.com/content/equities/EQUITY_L.csv
HATHWAY,INE982F01036,True,True,EQ,EQUITY,,False,False,2026-08-21,https://nsearchives.nseindia.com/content/equities/EQUITY_L.csv
HATSUN,INE473B01035,True,True,EQ,EQUITY,,False,False,2026-08-21,https://nsearchives.nseindia.com/content/equities/EQUITY_L.csv
HAVELLS,INE176B01034,True,True,EQ,EQUITY,,False,False,2026-08-21,https://nsearchives.nseindia.com/content/equities/EQUITY_L.csv
HAVISHA,INE293B01029,True,True,EQ,EQUITY,,False,False,2026-08-21,https://nsearchives.nseindia.com/content/equities/EQUITY_L.csv
HAWKINCOOK,INE979B01015,True,True,EQ,EQUITY,,False,False,2026-08-21,https://nsearchives.nseindia.com/content/equities/EQUITY_L.csv
HAZOOR,INE550F01049,True,True,EQ,EQUITY,,False,False,2026-08-21,https://nsearchives.nseindia.com/content/equities/EQUITY_L.csv
HBESD,INE640B01021,True,True,EQ,EQUITY,,False,False,2026-08-21,https://nsearchives.nseindia.com/content/equities/EQUITY_L.csv
HBLENGINE,INE292B01021,True,True,EQ,EQUITY,,False,False,2026-08-21,https://nsearchives.nseindia.com/content/equities/EQUITY_L.csv
HBPOR,INE638B01025,True,True,EQ,EQUITY,,False,False,2026-08-21,https://nsearchives.nseindia.com/content/equities/EQUITY_L.csv
HBSL,INE550B01022,True,True,EQ,EQUITY,,False,False,2026-08-21,https://nsearchives.nseindia.com/content/equities/EQUITY_L.csv
HCC,INE549A01026,True,True,EQ,EQUITY,,False,False,2026-08-21,https://nsearchives.nseindia.com/content/equities/EQUITY_L.csv
HCG,INE075I01017,True,True,EQ,EQUITY,,False,False,2026-08-21,https://nsearchives.nseindia.com/content/equities/EQUITY_L.csv
HCL-INSYS,INE236A01020,True,True,EQ,EQUITY,,False,False,2026-08-21,https://nsearchives.nseindia.com/content/equities/EQUITY_L.csv
HCLTECH,INE860A01027,True,True,EQ,EQUITY,,False,False,2026-08-21,https://nsearchives.nseindia.com/content/equities/EQUITY_L.csv
HDBFS,INE756I01012,True,True,EQ,EQUITY,,False,False,2026-08-21,https://nsearchives.nseindia.com/content/equities/EQUITY_L.csv
HDFCAMC,INE127D01025,True,True,EQ,EQUITY,,False,False,2026-08-21,https://nsearchives.nseindia.com/content/equities/EQUITY_L.csv
HDFCBANK,INE040A01034,True,True,EQ,EQUITY,,False,False,2026-08-21,https://nsearchives.nseindia.com/content/equities/EQUITY_L.csv
HDFCLIFE,INE795G01014,True,True,EQ,EQUITY,,False,False,2026-08-21,https://nsearchives.nseindia.com/content/equities/EQUITY_L.csv
HEADSUP,INE759V01019,True,True,EQ,EQUITY,,False,False,2026-08-21,https://nsearchives.nseindia.com/content/equities/EQUITY_L.csv
HEALTHX,INE019J01013,True,True,EQ,EQUITY,,False,False,2026-08-21,https://nsearchives.nseindia.com/content/equities/EQUITY_L.csv
HECPROJECT,INE558R01013,True,True,EQ,EQUITY,,False,False,2026-08-21,https://nsearchives.nseindia.com/content/equities/EQUITY_L.csv
HEG,INE545A01024,True,True,EQ,EQUITY,,False,False,2026-08-21,https://nsearchives.nseindia.com/content/equities/EQUITY_L.csv
HEIDELBERG,INE578A01017,True,True,EQ,EQUITY,,False,False,2026-08-21,https://nsearchives.nseindia.com/content/equities/EQUITY_L.csv
HEMIPROP,INE0AJG01018,True,True,EQ,EQUITY,,False,False,2026-08-21,https://nsearchives.nseindia.com/content/equities/EQUITY_L.csv
HERANBA,INE694N01015,True,True,EQ,EQUITY,,False,False,2026-08-21,https://nsearchives.nseindia.com/content/equities/EQUITY_L.csv
HERITGFOOD,INE978A01027,True,True,EQ,EQUITY,,False,False,2026-08-21,https://nsearchives.nseindia.com/content/equities/EQUITY_L.csv
HEROMOTOCO,INE158A01026,True,True,EQ,EQUITY,,False,False,2026-08-21,https://nsearchives.nseindia.com/content/equities/EQUITY_L.csv
HESTERBIO,INE782E01017,True,True,EQ,EQUITY,,False,False,2026-08-21,https://nsearchives.nseindia.com/content/equities/EQUITY_L.csv
HEXATRADEX,INE750M01017,True,True,EQ,EQUITY,,False,False,2026-08-21,https://nsearchives.nseindia.com/content/equities/EQUITY_L.csv
HEXT,INE093A01041,True,True,EQ,EQUITY,,False,False,2026-08-21,https://nsearchives.nseindia.com/content/equities/EQUITY_L.csv
HFCL,INE548A01028,True,True,EQ,EQUITY,,False,False,2026-08-21,https://nsearchives.nseindia.com/content/equities/EQUITY_L.csv
HGINFRA,INE926X01010,True,True,EQ,EQUITY,,False,False,2026-08-21,https://nsearchives.nseindia.com/content/equities/EQUITY_L.csv
HGM,INE596H01014,True,True,EQ,EQUITY,,False,False,2026-08-21,https://nsearchives.nseindia.com/content/equities/EQUITY_L.csv
HGS,INE170I01016,True,True,EQ,EQUITY,,False,False,2026-08-21,https://nsearchives.nseindia.com/content/equities/EQUITY_L.csv
HIKAL,INE475B01022,True,True,EQ,EQUITY,,False,False,2026-08-21,https://nsearchives.nseindia.com/content/equities/EQUITY_L.csv
HILINFRA,INE00RL01028,True,True,EQ,EQUITY,,False,False,2026-08-21,https://nsearchives.nseindia.com/content/equities/EQUITY_L.csv
HIMATSEIDE,INE049A01027,True,True,EQ,EQUITY,,False,False,2026-08-21,https://nsearchives.nseindia.com/content/equities/EQUITY_L.csv
HINDADH,INE074C01013,True,True,EQ,EQUITY,,False,False,2026-08-21,https://nsearchives.nseindia.com/content/equities/EQUITY_L.csv
HINDALCO,INE038A01020,True,True,EQ,EQUITY,,False,False,2026-08-21,https://nsearchives.nseindia.com/content/equities/EQUITY_L.csv
HINDALUMI,INE227B01019,True,True,EQ,EQUITY,,False,False,2026-08-21,https://nsearchives.nseindia.com/content/equities/EQUITY_L.csv
HINDCOMPOS,INE310C01029,True,True,EQ,EQUITY,,False,False,2026-08-21,https://nsearchives.nseindia.com/content/equities/EQUITY_L.csv
HINDCON,INE642Y01029,True,True,EQ,EQUITY,,False,False,2026-08-21,https://nsearchives.nseindia.com/content/equities/EQUITY_L.csv
HINDCOPPER,INE531E01026,True,True,EQ,EQUITY,,False,False,2026-08-21,https://nsearchives.nseindia.com/content/equities/EQUITY_L.csv
HINDOILEXP,INE345A01011,True,True,EQ,EQUITY,,False,False,2026-08-21,https://nsearchives.nseindia.com/content/equities/EQUITY_L.csv
HINDPETRO,INE094A01015,True,True,EQ,EQUITY,,False,False,2026-08-21,https://nsearchives.nseindia.com/content/equities/EQUITY_L.csv
HINDUNILVR,INE030A01027,True,True,EQ,EQUITY,,False,False,2026-08-21,https://nsearchives.nseindia.com/content/equities/EQUITY_L.csv
HINDWAREAP,INE05AN01011,True,True,EQ,EQUITY,,False,False,2026-08-21,https://nsearchives.nseindia.com/content/equities/EQUITY_L.csv
HINDZINC,INE267A01025,True,True,EQ,EQUITY,,False,False,2026-08-21,https://nsearchives.nseindia.com/content/equities/EQUITY_L.csv
HIRECT,INE835D01023,True,True,EQ,EQUITY,,False,False,2026-08-21,https://nsearchives.nseindia.com/content/equities/EQUITY_L.csv
HISARMETAL,INE598C01011,True,True,EQ,EQUITY,,False,False,2026-08-21,https://nsearchives.nseindia.com/content/equities/EQUITY_L.csv
HITECH,INE106T01025,True,True,EQ,EQUITY,,False,False,2026-08-21,https://nsearchives.nseindia.com/content/equities/EQUITY_L.csv
HLEGLAS,INE461D01028,True,True,EQ,EQUITY,,False,False,2026-08-21,https://nsearchives.nseindia.com/content/equities/EQUITY_L.csv
HLVLTD,INE102A01024,True,True,EQ,EQUITY,,False,False,2026-08-21,https://nsearchives.nseindia.com/content/equities/EQUITY_L.csv
HMAAGRO,INE0ECP01024,True,True,EQ,EQUITY,,False,False,2026-08-21,https://nsearchives.nseindia.com/content/equities/EQUITY_L.csv
HNDFDS,INE254N01026,True,True,EQ,EQUITY,,False,False,2026-08-21,https://nsearchives.nseindia.com/content/equities/EQUITY_L.csv
HOMEFIRST,INE481N01025,True,True,EQ,EQUITY,,False,False,2026-08-21,https://nsearchives.nseindia.com/content/equities/EQUITY_L.csv
HONASA,INE0J5401028,True,True,EQ,EQUITY,,False,False,2026-08-21,https://nsearchives.nseindia.com/content/equities/EQUITY_L.csv
HONAUT,INE671A01010,True,True,EQ,EQUITY,,False,False,2026-08-21,https://nsearchives.nseindia.com/content/equities/EQUITY_L.csv
HONDAPOWER,INE634A01018,True,True,EQ,EQUITY,,False,False,2026-08-21,https://nsearchives.nseindia.com/content/equities/EQUITY_L.csv
HPAL,INE0GSL01024,True,True,EQ,EQUITY,,False,False,2026-08-21,https://nsearchives.nseindia.com/content/equities/EQUITY_L.csv
HPIL,INE05X901010,True,True,EQ,EQUITY,,False,False,2026-08-21,https://nsearchives.nseindia.com/content/equities/EQUITY_L.csv
HPL,INE495S01016,True,True,EQ,EQUITY,,False,False,2026-08-21,https://nsearchives.nseindia.com/content/equities/EQUITY_L.csv
HRYNSHP,INE400G01011,True,True,EQ,EQUITY,,False,False,2026-08-21,https://nsearchives.nseindia.com/content/equities/EQUITY_L.csv
HSCL,INE019C01026,True,True,EQ,EQUITY,,False,False,2026-08-21,https://nsearchives.nseindia.com/content/equities/EQUITY_L.csv
HTMEDIA,INE501G01024,True,True,EQ,EQUITY,,False,False,2026-08-21,https://nsearchives.nseindia.com/content/equities/EQUITY_L.csv
HUBTOWN,INE703H01016,True,True,EQ,EQUITY,,False,False,2026-08-21,https://nsearchives.nseindia.com/content/equities/EQUITY_L.csv
HUDCO,INE031A01017,True,True,EQ,EQUITY,,False,False,2026-08-21,https://nsearchives.nseindia.com/content/equities/EQUITY_L.csv
HUHTAMAKI,INE275B01026,True,True,EQ,EQUITY,,False,False,2026-08-21,https://nsearchives.nseindia.com/content/equities/EQUITY_L.csv
HYUNDAI,INE0V6F01027,True,True,EQ,EQUITY,,False,False,2026-08-21,https://nsearchives.nseindia.com/content/equities/EQUITY_L.csv
IBULLSLTD,INE126M01010,True,True,EQ,EQUITY,,False,False,2026-08-21,https://nsearchives.nseindia.com/content/equities/EQUITY_L.csv
ICDSLTD,INE613B01010,True,True,EQ,EQUITY,,False,False,2026-08-21,https://nsearchives.nseindia.com/content/equities/EQUITY_L.csv
ICEMAKE,INE520Y01019,True,True,EQ,EQUITY,,False,False,2026-08-21,https://nsearchives.nseindia.com/content/equities/EQUITY_L.csv
ICICIAMC,INE346A01027,True,True,EQ,EQUITY,,False,False,2026-08-21,https://nsearchives.nseindia.com/content/equities/EQUITY_L.csv
ICICIBANK,INE090A01021,True,True,EQ,EQUITY,,False,False,2026-08-21,https://nsearchives.nseindia.com/content/equities/EQUITY_L.csv
ICICIGI,INE765G01017,True,True,EQ,EQUITY,,False,False,2026-08-21,https://nsearchives.nseindia.com/content/equities/EQUITY_L.csv
ICICIPRULI,INE726G01019,True,True,EQ,EQUITY,,False,False,2026-08-21,https://nsearchives.nseindia.com/content/equities/EQUITY_L.csv
ICIL,INE483B01026,True,True,EQ,EQUITY,,False,False,2026-08-21,https://nsearchives.nseindia.com/content/equities/EQUITY_L.csv
ICRA,INE725G01011,True,True,EQ,EQUITY,,False,False,2026-08-21,https://nsearchives.nseindia.com/content/equities/EQUITY_L.csv
IDBI,INE008A01015,True,True,EQ,EQUITY,,False,False,2026-08-21,https://nsearchives.nseindia.com/content/equities/EQUITY_L.csv
IDEA,INE669E01016,True,True,EQ,EQUITY,,False,False,2026-08-21,https://nsearchives.nseindia.com/content/equities/EQUITY_L.csv
IDEAFORGE,INE349Y01013,True,True,EQ,EQUITY,,False,False,2026-08-21,https://nsearchives.nseindia.com/content/equities/EQUITY_L.csv
IDFCFIRSTB,INE092T01019,True,True,EQ,EQUITY,,False,False,2026-08-21,https://nsearchives.nseindia.com/content/equities/EQUITY_L.csv
IEX,INE022Q01020,True,True,EQ,EQUITY,,False,False,2026-08-21,https://nsearchives.nseindia.com/content/equities/EQUITY_L.csv
IFBAGRO,INE076C01018,True,True,EQ,EQUITY,,False,False,2026-08-21,https://nsearchives.nseindia.com/content/equities/EQUITY_L.csv
IFBIND,INE559A01017,True,True,EQ,EQUITY,,False,False,2026-08-21,https://nsearchives.nseindia.com/content/equities/EQUITY_L.csv
IFCI,INE039A01010,True,True,EQ,EQUITY,,False,False,2026-08-21,https://nsearchives.nseindia.com/content/equities/EQUITY_L.csv
IFGLEXPOR,INE133Y01011,True,True,EQ,EQUITY,,False,False,2026-08-21,https://nsearchives.nseindia.com/content/equities/EQUITY_L.csv
IGARASHI,INE188B01013,True,True,EQ,EQUITY,,False,False,2026-08-21,https://nsearchives.nseindia.com/content/equities/EQUITY_L.csv
IGCL,INE05J901018,True,True,EQ,EQUITY,,False,False,2026-08-21,https://nsearchives.nseindia.com/content/equities/EQUITY_L.csv
IGIL,INE0Q9301021,True,True,EQ,EQUITY,,False,False,2026-08-21,https://nsearchives.nseindia.com/content/equities/EQUITY_L.csv
IGL,INE203G01027,True,True,EQ,EQUITY,,False,False,2026-08-21,https://nsearchives.nseindia.com/content/equities/EQUITY_L.csv
IGPL,INE204A01010,True,True,EQ,EQUITY,,False,False,2026-08-21,https://nsearchives.nseindia.com/content/equities/EQUITY_L.csv
IIFL,INE530B01024,True,True,EQ,EQUITY,,False,False,2026-08-21,https://nsearchives.nseindia.com/content/equities/EQUITY_L.csv
IIFLCAPS,INE489L01022,True,True,EQ,EQUITY,,False,False,2026-08-21,https://nsearchives.nseindia.com/content/equities/EQUITY_L.csv
IITL,INE886A01014,True,True,EQ,EQUITY,,False,False,2026-08-21,https://nsearchives.nseindia.com/content/equities/EQUITY_L.csv
IKIO,INE0LOJ01019,True,True,EQ,EQUITY,,False,False,2026-08-21,https://nsearchives.nseindia.com/content/equities/EQUITY_L.csv
IKS,INE115Q01022,True,True,EQ,EQUITY,,False,False,2026-08-21,https://nsearchives.nseindia.com/content/equities/EQUITY_L.csv
IMAGICAA,INE172N01012,True,True,EQ,EQUITY,,False,False,2026-08-21,https://nsearchives.nseindia.com/content/equities/EQUITY_L.csv
IMFA,INE919H01018,True,True,EQ,EQUITY,,False,False,2026-08-21,https://nsearchives.nseindia.com/content/equities/EQUITY_L.csv
IMPAL,INE547E01014,True,True,EQ,EQUITY,,False,False,2026-08-21,https://nsearchives.nseindia.com/content/equities/EQUITY_L.csv
INA,INE0LGX01024,True,True,EQ,EQUITY,,False,False,2026-08-21,https://nsearchives.nseindia.com/content/equities/EQUITY_L.csv
INCREDIBLE,INE452L01012,True,True,EQ,EQUITY,,False,False,2026-08-21,https://nsearchives.nseindia.com/content/equities/EQUITY_L.csv
INDBANK,INE841B01017,True,True,EQ,EQUITY,,False,False,2026-08-21,https://nsearchives.nseindia.com/content/equities/EQUITY_L.csv
INDGN,INE065X01017,True,True,EQ,EQUITY,,False,False,2026-08-21,https://nsearchives.nseindia.com/content/equities/EQUITY_L.csv
INDHOTEL,INE053A01029,True,True,EQ,EQUITY,,False,False,2026-08-21,https://nsearchives.nseindia.com/content/equities/EQUITY_L.csv
INDIACEM,INE383A01012,True,True,EQ,EQUITY,,False,False,2026-08-21,https://nsearchives.nseindia.com/content/equities/EQUITY_L.csv
INDIAGLYCO,INE560A01023,True,True,EQ,EQUITY,,False,False,2026-08-21,https://nsearchives.nseindia.com/content/equities/EQUITY_L.csv
INDIAMART,INE933S01016,True,True,EQ,EQUITY,,False,False,2026-08-21,https://nsearchives.nseindia.com/content/equities/EQUITY_L.csv
INDIANB,INE562A01011,True,True,EQ,EQUITY,,False,False,2026-08-21,https://nsearchives.nseindia.com/content/equities/EQUITY_L.csv
INDIANCARD,INE061A01014,True,True,EQ,EQUITY,,False,False,2026-08-21,https://nsearchives.nseindia.com/content/equities/EQUITY_L.csv
INDIANHUME,INE323C01030,True,True,EQ,EQUITY,,False,False,2026-08-21,https://nsearchives.nseindia.com/content/equities/EQUITY_L.csv
INDIASHLTR,INE922K01024,True,True,EQ,EQUITY,,False,False,2026-08-21,https://nsearchives.nseindia.com/content/equities/EQUITY_L.csv
INDIGO,INE646L01027,True,True,EQ,EQUITY,,False,False,2026-08-21,https://nsearchives.nseindia.com/content/equities/EQUITY_L.csv
INDIGOPNTS,INE09VQ01012,True,True,EQ,EQUITY,,False,False,2026-08-21,https://nsearchives.nseindia.com/content/equities/EQUITY_L.csv
INDIQUBE,INE06ST01018,True,True,EQ,EQUITY,,False,False,2026-08-21,https://nsearchives.nseindia.com/content/equities/EQUITY_L.csv
INDNIPPON,INE092B01025,True,True,EQ,EQUITY,,False,False,2026-08-21,https://nsearchives.nseindia.com/content/equities/EQUITY_L.csv
INDOBORAX,INE803D01021,True,True,EQ,EQUITY,,False,False,2026-08-21,https://nsearchives.nseindia.com/content/equities/EQUITY_L.csv
INDOCO,INE873D01024,True,True,EQ,EQUITY,,False,False,2026-08-21,https://nsearchives.nseindia.com/content/equities/EQUITY_L.csv
INDOFARM,INE622H01018,True,True,EQ,EQUITY,,False,False,2026-08-21,https://nsearchives.nseindia.com/content/equities/EQUITY_L.csv
INDOKEM,INE716F01012,True,True,EQ,EQUITY,,False,False,2026-08-21,https://nsearchives.nseindia.com/content/equities/EQUITY_L.csv
INDOMIM,INE084101034,True,True,EQ,EQUITY,,False,False,2026-08-21,https://nsearchives.nseindia.com/content/equities/EQUITY_L.csv
INDORAMA,INE156A01020,True,True,EQ,EQUITY,,False,False,2026-08-21,https://nsearchives.nseindia.com/content/equities/EQUITY_L.csv
INDOSTAR,INE896L01010,True,True,EQ,EQUITY,,False,False,2026-08-21,https://nsearchives.nseindia.com/content/equities/EQUITY_L.csv
INDOTECH,INE332H01014,True,True,EQ,EQUITY,,False,False,2026-08-21,https://nsearchives.nseindia.com/content/equities/EQUITY_L.csv
INDOTHAI,INE337M01021,True,True,EQ,EQUITY,,False,False,2026-08-21,https://nsearchives.nseindia.com/content/equities/EQUITY_L.csv
INDOUS,INE250Z01010,True,True,EQ,EQUITY,,False,False,2026-08-21,https://nsearchives.nseindia.com/content/equities/EQUITY_L.csv
INDOWIND,INE227G01018,True,True,EQ,EQUITY,,False,False,2026-08-21,https://nsearchives.nseindia.com/content/equities/EQUITY_L.csv
INDPRUD,INE620D01011,True,True,EQ,EQUITY,,False,False,2026-08-21,https://nsearchives.nseindia.com/content/equities/EQUITY_L.csv
INDRAMEDCO,INE681B01017,True,True,EQ,EQUITY,,False,False,2026-08-21,https://nsearchives.nseindia.com/content/equities/EQUITY_L.csv
INDSWFTLAB,INE915B01019,True,True,EQ,EQUITY,,False,False,2026-08-21,https://nsearchives.nseindia.com/content/equities/EQUITY_L.csv
INDTERRAIN,INE611L01021,True,True,EQ,EQUITY,,False,False,2026-08-21,https://nsearchives.nseindia.com/content/equities/EQUITY_L.csv
INDUSINDBK,INE095A01012,True,True,EQ,EQUITY,,False,False,2026-08-21,https://nsearchives.nseindia.com/content/equities/EQUITY_L.csv
INDUSTOWER,INE121J01017,True,True,EQ,EQUITY,,False,False,2026-08-21,https://nsearchives.nseindia.com/content/equities/EQUITY_L.csv
INFOBEAN,INE344S01016,True,True,EQ,EQUITY,,False,False,2026-08-21,https://nsearchives.nseindia.com/content/equities/EQUITY_L.csv
INFOMEDIA,INE669A01022,True,True,EQ,EQUITY,,False,False,2026-08-21,https://nsearchives.nseindia.com/content/equities/EQUITY_L.csv
INFY,INE009A01021,True,True,EQ,EQUITY,,False,False,2026-08-21,https://nsearchives.nseindia.com/content/equities/EQUITY_L.csv
INGERRAND,INE177A01018,True,True,EQ,EQUITY,,False,False,2026-08-21,https://nsearchives.nseindia.com/content/equities/EQUITY_L.csv
INNOVACAP,INE0DUT01020,True,True,EQ,EQUITY,,False,False,2026-08-21,https://nsearchives.nseindia.com/content/equities/EQUITY_L.csv
INNOVANA,INE403Y01018,True,True,EQ,EQUITY,,False,False,2026-08-21,https://nsearchives.nseindia.com/content/equities/EQUITY_L.csv
INNOVISION,INE0ADB01012,True,True,EQ,EQUITY,,False,False,2026-08-21,https://nsearchives.nseindia.com/content/equities/EQUITY_L.csv
INOXGREEN,INE510W01014,True,True,EQ,EQUITY,,False,False,2026-08-21,https://nsearchives.nseindia.com/content/equities/EQUITY_L.csv
INOXINDIA,INE616N01034,True,True,EQ,EQUITY,,False,False,2026-08-21,https://nsearchives.nseindia.com/content/equities/EQUITY_L.csv
INOXWIND,INE066P01011,True,True,EQ,EQUITY,,False,False,2026-08-21,https://nsearchives.nseindia.com/content/equities/EQUITY_L.csv
INSECTICID,INE070I01018,True,True,EQ,EQUITY,,False,False,2026-08-21,https://nsearchives.nseindia.com/content/equities/EQUITY_L.csv
INTELLECT,INE306R01017,True,True,EQ,EQUITY,,False,False,2026-08-21,https://nsearchives.nseindia.com/content/equities/EQUITY_L.csv
INTENTECH,INE781A01025,True,True,EQ,EQUITY,,False,False,2026-08-21,https://nsearchives.nseindia.com/content/equities/EQUITY_L.csv
INTERARCH,INE00M901018,True,True,EQ,EQUITY,,False,False,2026-08-21,https://nsearchives.nseindia.com/content/equities/EQUITY_L.csv
INTLCONV,INE575C01027,True,True,EQ,EQUITY,,False,False,2026-08-21,https://nsearchives.nseindia.com/content/equities/EQUITY_L.csv
INVENTURE,INE878H01024,True,True,EQ,EQUITY,,False,False,2026-08-21,https://nsearchives.nseindia.com/content/equities/EQUITY_L.csv
IOB,INE565A01014,True,True,EQ,EQUITY,,False,False,2026-08-21,https://nsearchives.nseindia.com/content/equities/EQUITY_L.csv
IOC,INE242A01010,True,True,EQ,EQUITY,,False,False,2026-08-21,https://nsearchives.nseindia.com/content/equities/EQUITY_L.csv
IOLCP,INE485C01029,True,True,EQ,EQUITY,,False,False,2026-08-21,https://nsearchives.nseindia.com/content/equities/EQUITY_L.csv
IONEXCHANG,INE570A01022,True,True,EQ,EQUITY,,False,False,2026-08-21,https://nsearchives.nseindia.com/content/equities/EQUITY_L.csv
IPCALAB,INE571A01038,True,True,EQ,EQUITY,,False,False,2026-08-21,https://nsearchives.nseindia.com/content/equities/EQUITY_L.csv
IPL,INE0D6701023,True,True,EQ,EQUITY,,False,False,2026-08-21,https://nsearchives.nseindia.com/content/equities/EQUITY_L.csv
IPRINGLTD,INE558A01019,True,True,EQ,EQUITY,,False,False,2026-08-21,https://nsearchives.nseindia.com/content/equities/EQUITY_L.csv
IRB,INE821I01022,True,True,EQ,EQUITY,,False,False,2026-08-21,https://nsearchives.nseindia.com/content/equities/EQUITY_L.csv
IRCON,INE962Y01021,True,True,EQ,EQUITY,,False,False,2026-08-21,https://nsearchives.nseindia.com/content/equities/EQUITY_L.csv
IRCTC,INE335Y01020,True,True,EQ,EQUITY,,False,False,2026-08-21,https://nsearchives.nseindia.com/content/equities/EQUITY_L.csv
IREDA,INE202E01016,True,True,EQ,EQUITY,,False,False,2026-08-21,https://nsearchives.nseindia.com/content/equities/EQUITY_L.csv
IRFC,INE053F01010,True,True,EQ,EQUITY,,False,False,2026-08-21,https://nsearchives.nseindia.com/content/equities/EQUITY_L.csv
IRIS,INE864K01010,True,True,EQ,EQUITY,,False,False,2026-08-21,https://nsearchives.nseindia.com/content/equities/EQUITY_L.csv
IRISDOREME,INE01GN01025,True,True,EQ,EQUITY,,False,False,2026-08-21,https://nsearchives.nseindia.com/content/equities/EQUITY_L.csv
IRMENERGY,INE07U701015,True,True,EQ,EQUITY,,False,False,2026-08-21,https://nsearchives.nseindia.com/content/equities/EQUITY_L.csv
ISFT,INE566K01011,True,True,EQ,EQUITY,,False,False,2026-08-21,https://nsearchives.nseindia.com/content/equities/EQUITY_L.csv
ISGEC,INE858B01029,True,True,EQ,EQUITY,,False,False,2026-08-21,https://nsearchives.nseindia.com/content/equities/EQUITY_L.csv
ISHANCH,INE561M01018,True,True,EQ,EQUITY,,False,False,2026-08-21,https://nsearchives.nseindia.com/content/equities/EQUITY_L.csv
ISTLTD,INE684B01029,True,True,EQ,EQUITY,,False,False,2026-08-21,https://nsearchives.nseindia.com/content/equities/EQUITY_L.csv
ITC,INE154A01025,True,True,EQ,EQUITY,,False,False,2026-08-21,https://nsearchives.nseindia.com/content/equities/EQUITY_L.csv
ITCHOTELS,INE379A01028,True,True,EQ,EQUITY,,False,False,2026-08-21,https://nsearchives.nseindia.com/content/equities/EQUITY_L.csv
ITDC,INE353K01014,True,True,EQ,EQUITY,,False,False,2026-08-21,https://nsearchives.nseindia.com/content/equities/EQUITY_L.csv
ITI,INE248A01017,True,True,EQ,EQUITY,,False,False,2026-08-21,https://nsearchives.nseindia.com/content/equities/EQUITY_L.csv
ITL,INE478D01014,True,True,EQ,EQUITY,,False,False,2026-08-21,https://nsearchives.nseindia.com/content/equities/EQUITY_L.csv
IVALUE,INE056801025,True,True,EQ,EQUITY,,False,False,2026-08-21,https://nsearchives.nseindia.com/content/equities/EQUITY_L.csv
IVC,INE050B01023,True,True,EQ,EQUITY,,False,False,2026-08-21,https://nsearchives.nseindia.com/content/equities/EQUITY_L.csv
IWP,INE586E01020,True,True,EQ,EQUITY,,False,False,2026-08-21,https://nsearchives.nseindia.com/content/equities/EQUITY_L.csv
IXIGO,INE0HV901016,True,True,EQ,EQUITY,,False,False,2026-08-21,https://nsearchives.nseindia.com/content/equities/EQUITY_L.csv
IZMO,INE848A01014,True,True,EQ,EQUITY,,False,False,2026-08-21,https://nsearchives.nseindia.com/content/equities/EQUITY_L.csv
J&KBANK,INE168A01041,True,True,EQ,EQUITY,,False,False,2026-08-21,https://nsearchives.nseindia.com/content/equities/EQUITY_L.csv
JAGRAN,INE199G01027,True,True,EQ,EQUITY,,False,False,2026-08-21,https://nsearchives.nseindia.com/content/equities/EQUITY_L.csv
JAGSNPHARM,INE048B01035,True,True,EQ,EQUITY,,False,False,2026-08-21,https://nsearchives.nseindia.com/content/equities/EQUITY_L.csv
JAIBALAJI,INE091G01026,True,True,EQ,EQUITY,,False,False,2026-08-21,https://nsearchives.nseindia.com/content/equities/EQUITY_L.csv
JAICORPLTD,INE070D01027,True,True,EQ,EQUITY,,False,False,2026-08-21,https://nsearchives.nseindia.com/content/equities/EQUITY_L.csv
JAINREC,INE0YD401026,True,True,EQ,EQUITY,,False,False,2026-08-21,https://nsearchives.nseindia.com/content/equities/EQUITY_L.csv
JAIPURKURT,INE696V01013,True,True,EQ,EQUITY,,False,False,2026-08-21,https://nsearchives.nseindia.com/content/equities/EQUITY_L.csv
JAMNAAUTO,INE039C01032,True,True,EQ,EQUITY,,False,False,2026-08-21,https://nsearchives.nseindia.com/content/equities/EQUITY_L.csv
JARO,INE00YJ01010,True,True,EQ,EQUITY,,False,False,2026-08-21,https://nsearchives.nseindia.com/content/equities/EQUITY_L.csv
JASH,INE039O01029,True,True,EQ,EQUITY,,False,False,2026-08-21,https://nsearchives.nseindia.com/content/equities/EQUITY_L.csv
JAYAGROGN,INE785A01026,True,True,EQ,EQUITY,,False,False,2026-08-21,https://nsearchives.nseindia.com/content/equities/EQUITY_L.csv
JAYBARMARU,INE571B01036,True,True,EQ,EQUITY,,False,False,2026-08-21,https://nsearchives.nseindia.com/content/equities/EQUITY_L.csv
JAYKAY,INE903A01025,True,True,EQ,EQUITY,,False,False,2026-08-21,https://nsearchives.nseindia.com/content/equities/EQUITY_L.csv
JAYNECOIND,INE854B01010,True,True,EQ,EQUITY,,False,False,2026-08-21,https://nsearchives.nseindia.com/content/equities/EQUITY_L.csv
JAYSREETEA,INE364A01020,True,True,EQ,EQUITY,,False,False,2026-08-21,https://nsearchives.nseindia.com/content/equities/EQUITY_L.csv
JBMA,INE927D01051,True,True,EQ,EQUITY,,False,False,2026-08-21,https://nsearchives.nseindia.com/content/equities/EQUITY_L.csv
JENBURPH,INE354A01013,True,True,EQ,EQUITY,,False,False,2026-08-21,https://nsearchives.nseindia.com/content/equities/EQUITY_L.csv
JETFREIGHT,INE982V01025,True,True,EQ,EQUITY,,False,False,2026-08-21,https://nsearchives.nseindia.com/content/equities/EQUITY_L.csv
JGCHEM,INE0MB501011,True,True,EQ,EQUITY,,False,False,2026-08-21,https://nsearchives.nseindia.com/content/equities/EQUITY_L.csv
JHS,INE544H01014,True,True,EQ,EQUITY,,False,False,2026-08-21,https://nsearchives.nseindia.com/content/equities/EQUITY_L.csv
JINDALPHOT,INE796G01012,True,True,EQ,EQUITY,,False,False,2026-08-21,https://nsearchives.nseindia.com/content/equities/EQUITY_L.csv
JINDALPOLY,INE197D01010,True,True,EQ,EQUITY,,False,False,2026-08-21,https://nsearchives.nseindia.com/content/equities/EQUITY_L.csv
JINDALSAW,INE324A01032,True,True,EQ,EQUITY,,False,False,2026-08-21,https://nsearchives.nseindia.com/content/equities/EQUITY_L.csv
JINDALSTEL,INE749A01030,True,True,EQ,EQUITY,,False,False,2026-08-21,https://nsearchives.nseindia.com/content/equities/EQUITY_L.csv
JINDRILL,INE742C01031,True,True,EQ,EQUITY,,False,False,2026-08-21,https://nsearchives.nseindia.com/content/equities/EQUITY_L.csv
JINDWORLD,INE247D01039,True,True,EQ,EQUITY,,False,False,2026-08-21,https://nsearchives.nseindia.com/content/equities/EQUITY_L.csv
JIOFIN,INE758E01017,True,True,EQ,EQUITY,,False,False,2026-08-21,https://nsearchives.nseindia.com/content/equities/EQUITY_L.csv
JISLDVREQS,IN9175A01010,True,True,EQ,EQUITY,,False,False,2026-08-21,https://nsearchives.nseindia.com/content/equities/EQUITY_L.csv
JISLJALEQS,INE175A01038,True,True,EQ,EQUITY,,False,False,2026-08-21,https://nsearchives.nseindia.com/content/equities/EQUITY_L.csv
JITFINFRA,INE863T01013,True,True,EQ,EQUITY,,False,False,2026-08-21,https://nsearchives.nseindia.com/content/equities/EQUITY_L.csv
JKCEMENT,INE823G01014,True,True,EQ,EQUITY,,False,False,2026-08-21,https://nsearchives.nseindia.com/content/equities/EQUITY_L.csv
JKIL,INE576I01022,True,True,EQ,EQUITY,,False,False,2026-08-21,https://nsearchives.nseindia.com/content/equities/EQUITY_L.csv
JKIPL,INE1FF001016,True,True,EQ,EQUITY,,False,False,2026-08-21,https://nsearchives.nseindia.com/content/equities/EQUITY_L.csv
JKLAKSHMI,INE786A01032,True,True,EQ,EQUITY,,False,False,2026-08-21,https://nsearchives.nseindia.com/content/equities/EQUITY_L.csv
JKPAPER,INE789E01012,True,True,EQ,EQUITY,,False,False,2026-08-21,https://nsearchives.nseindia.com/content/equities/EQUITY_L.csv
JKTYRE,INE573A01042,True,True,EQ,EQUITY,,False,False,2026-08-21,https://nsearchives.nseindia.com/content/equities/EQUITY_L.csv
JLHL,INE682M01020,True,True,EQ,EQUITY,,False,False,2026-08-21,https://nsearchives.nseindia.com/content/equities/EQUITY_L.csv
JMA,INE412C01023,True,True,EQ,EQUITY,,False,False,2026-08-21,https://nsearchives.nseindia.com/content/equities/EQUITY_L.csv
JMFINANCIL,INE780C01023,True,True,EQ,EQUITY,,False,False,2026-08-21,https://nsearchives.nseindia.com/content/equities/EQUITY_L.csv
JNKINDIA,INE0OAF01028,True,True,EQ,EQUITY,,False,False,2026-08-21,https://nsearchives.nseindia.com/content/equities/EQUITY_L.csv
JNPR,INE05C901015,True,True,EQ,EQUITY,,False,False,2026-08-21,https://nsearchives.nseindia.com/content/equities/EQUITY_L.csv
JPOLYINVST,INE147P01019,True,True,EQ,EQUITY,,False,False,2026-08-21,https://nsearchives.nseindia.com/content/equities/EQUITY_L.csv
JPPOWER,INE351F01018,True,True,EQ,EQUITY,,False,False,2026-08-21,https://nsearchives.nseindia.com/content/equities/EQUITY_L.csv
JSFB,INE953L01027,True,True,EQ,EQUITY,,False,False,2026-08-21,https://nsearchives.nseindia.com/content/equities/EQUITY_L.csv
JSL,INE220G01021,True,True,EQ,EQUITY,,False,False,2026-08-21,https://nsearchives.nseindia.com/content/equities/EQUITY_L.csv
JSLL,INE0J5801029,True,True,EQ,EQUITY,,False,False,2026-08-21,https://nsearchives.nseindia.com/content/equities/EQUITY_L.csv
JSWCEMENT,INE718I01012,True,True,EQ,EQUITY,,False,False,2026-08-21,https://nsearchives.nseindia.com/content/equities/EQUITY_L.csv
JSWDULUX,INE133A01011,True,True,EQ,EQUITY,,False,False,2026-08-21,https://nsearchives.nseindia.com/content/equities/EQUITY_L.csv
JSWENERGY,INE121E01018,True,True,EQ,EQUITY,,False,False,2026-08-21,https://nsearchives.nseindia.com/content/equities/EQUITY_L.csv
JSWHL,INE824G01012,True,True,EQ,EQUITY,,False,False,2026-08-21,https://nsearchives.nseindia.com/content/equities/EQUITY_L.csv
JSWINFRA,INE880J01026,True,True,EQ,EQUITY,,False,False,2026-08-21,https://nsearchives.nseindia.com/content/equities/EQUITY_L.csv
JSWSTEEL,INE019A01038,True,True,EQ,EQUITY,,False,False,2026-08-21,https://nsearchives.nseindia.com/content/equities/EQUITY_L.csv
JTEKTINDIA,INE643A01035,True,True,EQ,EQUITY,,False,False,2026-08-21,https://nsearchives.nseindia.com/content/equities/EQUITY_L.csv
JTLIND,INE391J01032,True,True,EQ,EQUITY,,False,False,2026-08-21,https://nsearchives.nseindia.com/content/equities/EQUITY_L.csv
JUBLCPL,INE03CC01015,True,True,EQ,EQUITY,,False,False,2026-08-21,https://nsearchives.nseindia.com/content/equities/EQUITY_L.csv
JUBLFOOD,INE797F01020,True,True,EQ,EQUITY,,False,False,2026-08-21,https://nsearchives.nseindia.com/content/equities/EQUITY_L.csv
JUBLINGREA,INE0BY001018,True,True,EQ,EQUITY,,False,False,2026-08-21,https://nsearchives.nseindia.com/content/equities/EQUITY_L.csv
JUBLPHARMA,INE700A01033,True,True,EQ,EQUITY,,False,False,2026-08-21,https://nsearchives.nseindia.com/content/equities/EQUITY_L.csv
JUNIPER,INE696F01016,True,True,EQ,EQUITY,,False,False,2026-08-21,https://nsearchives.nseindia.com/content/equities/EQUITY_L.csv
JUSTDIAL,INE599M01018,True,True,EQ,EQUITY,,False,False,2026-08-21,https://nsearchives.nseindia.com/content/equities/EQUITY_L.csv
JWL,INE209L01016,True,True,EQ,EQUITY,,False,False,2026-08-21,https://nsearchives.nseindia.com/content/equities/EQUITY_L.csv
JYOTHYLAB,INE668F01031,True,True,EQ,EQUITY,,False,False,2026-08-21,https://nsearchives.nseindia.com/content/equities/EQUITY_L.csv
JYOTICNC,INE980O01024,True,True,EQ,EQUITY,,False,False,2026-08-21,https://nsearchives.nseindia.com/content/equities/EQUITY_L.csv
JYOTIRES,INE577D01013,True,True,EQ,EQUITY,,False,False,2026-08-21,https://nsearchives.nseindia.com/content/equities/EQUITY_L.csv
JYOTISTRUC,INE197A01024,True,True,EQ,EQUITY,,False,False,2026-08-21,https://nsearchives.nseindia.com/content/equities/EQUITY_L.csv
KABRAEXTRU,INE900B01029,True,True,EQ,EQUITY,,False,False,2026-08-21,https://nsearchives.nseindia.com/content/equities/EQUITY_L.csv
KAJARIACER,INE217B01036,True,True,EQ,EQUITY,,False,False,2026-08-21,https://nsearchives.nseindia.com/content/equities/EQUITY_L.csv
KAKATCEM,INE437B01014,True,True,EQ,EQUITY,,False,False,2026-08-21,https://nsearchives.nseindia.com/content/equities/EQUITY_L.csv
KALAMANDIR,INE438K01021,True,True,EQ,EQUITY,,False,False,2026-08-21,https://nsearchives.nseindia.com/content/equities/EQUITY_L.csv
KALPATARU,INE227J01012,True,True,EQ,EQUITY,,False,False,2026-08-21,https://nsearchives.nseindia.com/content/equities/EQUITY_L.csv
KALYANIFRG,INE314G01014,True,True,EQ,EQUITY,,False,False,2026-08-21,https://nsearchives.nseindia.com/content/equities/EQUITY_L.csv
KALYANKJIL,INE303R01014,True,True,EQ,EQUITY,,False,False,2026-08-21,https://nsearchives.nseindia.com/content/equities/EQUITY_L.csv
KAMAHOLD,INE411F01010,True,True,EQ,EQUITY,,False,False,2026-08-21,https://nsearchives.nseindia.com/content/equities/EQUITY_L.csv
KAMANWALA,INE344D01018,True,True,EQ,EQUITY,,False,False,2026-08-21,https://nsearchives.nseindia.com/content/equities/EQUITY_L.csv
KAMATHOTEL,INE967C01018,True,True,EQ,EQUITY,,False,False,2026-08-21,https://nsearchives.nseindia.com/content/equities/EQUITY_L.csv
KAMOPAINTS,INE0BTI01037,True,True,EQ,EQUITY,,False,False,2026-08-21,https://nsearchives.nseindia.com/content/equities/EQUITY_L.csv
KANANIIND,INE879E01037,True,True,EQ,EQUITY,,False,False,2026-08-21,https://nsearchives.nseindia.com/content/equities/EQUITY_L.csv
KANCHI,INE081G01019,True,True,EQ,EQUITY,,False,False,2026-08-21,https://nsearchives.nseindia.com/content/equities/EQUITY_L.csv
KANCOTEA,INE398L01017,True,True,EQ,EQUITY,,False,False,2026-08-21,https://nsearchives.nseindia.com/content/equities/EQUITY_L.csv
KANPRPLA,INE694E01014,True,True,EQ,EQUITY,,False,False,2026-08-21,https://nsearchives.nseindia.com/content/equities/EQUITY_L.csv
KANSAINER,INE531A01024,True,True,EQ,EQUITY,,False,False,2026-08-21,https://nsearchives.nseindia.com/content/equities/EQUITY_L.csv
KAPSTON,INE542Z01028,True,True,EQ,EQUITY,,False,False,2026-08-21,https://nsearchives.nseindia.com/content/equities/EQUITY_L.csv
KARMAENG,INE725L01011,True,True,EQ,EQUITY,,False,False,2026-08-21,https://nsearchives.nseindia.com/content/equities/EQUITY_L.csv
KARURVYSYA,INE036D01028,True,True,EQ,EQUITY,,False,False,2026-08-21,https://nsearchives.nseindia.com/content/equities/EQUITY_L.csv
KAVDEFENCE,INE641C01019,True,True,EQ,EQUITY,,False,False,2026-08-21,https://nsearchives.nseindia.com/content/equities/EQUITY_L.csv
KAYA,INE587G01015,True,True,EQ,EQUITY,,False,False,2026-08-21,https://nsearchives.nseindia.com/content/equities/EQUITY_L.csv
KAYNES,INE918Z01012,True,True,EQ,EQUITY,,False,False,2026-08-21,https://nsearchives.nseindia.com/content/equities/EQUITY_L.csv
KCP,INE805C01028,True,True,EQ,EQUITY,,False,False,2026-08-21,https://nsearchives.nseindia.com/content/equities/EQUITY_L.csv
KDDL,INE291D01011,True,True,EQ,EQUITY,,False,False,2026-08-21,https://nsearchives.nseindia.com/content/equities/EQUITY_L.csv
KEC,INE389H01022,True,True,EQ,EQUITY,,False,False,2026-08-21,https://nsearchives.nseindia.com/content/equities/EQUITY_L.csv
KECL,INE134B01017,True,True,EQ,EQUITY,,False,False,2026-08-21,https://nsearchives.nseindia.com/content/equities/EQUITY_L.csv
KEEPLEARN,INE055C01020,True,True,EQ,EQUITY,,False,False,2026-08-21,https://nsearchives.nseindia.com/content/equities/EQUITY_L.csv
KEI,INE878B01027,True,True,EQ,EQUITY,,False,False,2026-08-21,https://nsearchives.nseindia.com/content/equities/EQUITY_L.csv
KELLTONTEC,INE164B01030,True,True,EQ,EQUITY,,False,False,2026-08-21,https://nsearchives.nseindia.com/content/equities/EQUITY_L.csv
KENNAMET,INE717A01029,True,True,EQ,EQUITY,,False,False,2026-08-21,https://nsearchives.nseindia.com/content/equities/EQUITY_L.csv
KERNEX,INE202H01019,True,True,EQ,EQUITY,,False,False,2026-08-21,https://nsearchives.nseindia.com/content/equities/EQUITY_L.csv
KEYFINSERV,INE681C01015,True,True,EQ,EQUITY,,False,False,2026-08-21,https://nsearchives.nseindia.com/content/equities/EQUITY_L.csv
KFINTECH,INE138Y01010,True,True,EQ,EQUITY,,False,False,2026-08-21,https://nsearchives.nseindia.com/content/equities/EQUITY_L.csv
KHAICHEM,INE745B01028,True,True,EQ,EQUITY,,False,False,2026-08-21,https://nsearchives.nseindia.com/content/equities/EQUITY_L.csv
KHAITANLTD,INE731C01018,True,True,EQ,EQUITY,,False,False,2026-08-21,https://nsearchives.nseindia.com/content/equities/EQUITY_L.csv
KHANDSE,INE060B01014,True,True,EQ,EQUITY,,False,False,2026-08-21,https://nsearchives.nseindia.com/content/equities/EQUITY_L.csv
KICL,INE029L01018,True,True,EQ,EQUITY,,False,False,2026-08-21,https://nsearchives.nseindia.com/content/equities/EQUITY_L.csv
KIMS,INE967H01025,True,True,EQ,EQUITY,,False,False,2026-08-21,https://nsearchives.nseindia.com/content/equities/EQUITY_L.csv
KINGFA,INE473D01015,True,True,EQ,EQUITY,,False,False,2026-08-21,https://nsearchives.nseindia.com/content/equities/EQUITY_L.csv
KIOCL,INE880L01014,True,True,EQ,EQUITY,,False,False,2026-08-21,https://nsearchives.nseindia.com/content/equities/EQUITY_L.csv
KIRANVYPAR,INE555P01013,True,True,EQ,EQUITY,,False,False,2026-08-21,https://nsearchives.nseindia.com/content/equities/EQUITY_L.csv
KIRIINDUS,INE415I01015,True,True,EQ,EQUITY,,False,False,2026-08-21,https://nsearchives.nseindia.com/content/equities/EQUITY_L.csv
KIRLFER,INE884B01025,True,True,EQ,EQUITY,,False,False,2026-08-21,https://nsearchives.nseindia.com/content/equities/EQUITY_L.csv
KIRLOSBROS,INE732A01036,True,True,EQ,EQUITY,,False,False,2026-08-21,https://nsearchives.nseindia.com/content/equities/EQUITY_L.csv
KIRLOSENG,INE146L01010,True,True,EQ,EQUITY,,False,False,2026-08-21,https://nsearchives.nseindia.com/content/equities/EQUITY_L.csv
KIRLOSIND,INE250A01039,True,True,EQ,EQUITY,,False,False,2026-08-21,https://nsearchives.nseindia.com/content/equities/EQUITY_L.csv
KIRLPNU,INE811A01038,True,True,EQ,EQUITY,,False,False,2026-08-21,https://nsearchives.nseindia.com/content/equities/EQUITY_L.csv
KISSHT,INE12F801023,True,True,EQ,EQUITY,,False,False,2026-08-21,https://nsearchives.nseindia.com/content/equities/EQUITY_L.csv
KITEX,INE602G01020,True,True,EQ,EQUITY,,False,False,2026-08-21,https://nsearchives.nseindia.com/content/equities/EQUITY_L.csv
KJMCFIN,INE533C01018,True,True,EQ,EQUITY,,False,False,2026-08-21,https://nsearchives.nseindia.com/content/equities/EQUITY_L.csv
KKCL,INE401H01017,True,True,EQ,EQUITY,,False,False,2026-08-21,https://nsearchives.nseindia.com/content/equities/EQUITY_L.csv
KLBRENG-B,INE338F01015,True,True,EQ,EQUITY,,False,False,2026-08-21,https://nsearchives.nseindia.com/content/equities/EQUITY_L.csv
KMCSHIL,INE879K01018,True,True,EQ,EQUITY,,False,False,2026-08-21,https://nsearchives.nseindia.com/content/equities/EQUITY_L.csv
KMEW,INE0CJD01029,True,True,EQ,EQUITY,,False,False,2026-08-21,https://nsearchives.nseindia.com/content/equities/EQUITY_L.csv
KMSUGAR,INE157H01023,True,True,EQ,EQUITY,,False,False,2026-08-21,https://nsearchives.nseindia.com/content/equities/EQUITY_L.csv
KNACK,INE17QZ01016,True,True,EQ,EQUITY,,False,False,2026-08-21,https://nsearchives.nseindia.com/content/equities/EQUITY_L.csv
KNAGRI,INE0KNW01016,True,True,EQ,EQUITY,,False,False,2026-08-21,https://nsearchives.nseindia.com/content/equities/EQUITY_L.csv
KNRCON,INE634I01029,True,True,EQ,EQUITY,,False,False,2026-08-21,https://nsearchives.nseindia.com/content/equities/EQUITY_L.csv
KOHINOOR,INE080B01012,True,True,EQ,EQUITY,,False,False,2026-08-21,https://nsearchives.nseindia.com/content/equities/EQUITY_L.csv
KOKUYOCMLN,INE760A01029,True,True,EQ,EQUITY,,False,False,2026-08-21,https://nsearchives.nseindia.com/content/equities/EQUITY_L.csv
KOLTEPATIL,INE094I01018,True,True,EQ,EQUITY,,False,False,2026-08-21,https://nsearchives.nseindia.com/content/equities/EQUITY_L.csv
KOTAKBANK,INE237A01036,True,True,EQ,EQUITY,,False,False,2026-08-21,https://nsearchives.nseindia.com/content/equities/EQUITY_L.csv
KOTARISUG,INE419A01022,True,True,EQ,EQUITY,,False,False,2026-08-21,https://nsearchives.nseindia.com/content/equities/EQUITY_L.csv
KOTHARIPET,INE720A01015,True,True,EQ,EQUITY,,False,False,2026-08-21,https://nsearchives.nseindia.com/content/equities/EQUITY_L.csv
KOTHARIPRO,INE823A01017,True,True,EQ,EQUITY,,False,False,2026-08-21,https://nsearchives.nseindia.com/content/equities/EQUITY_L.csv
KOTIC,INE972A01020,True,True,EQ,EQUITY,,False,False,2026-08-21,https://nsearchives.nseindia.com/content/equities/EQUITY_L.csv
KOVAI,INE177F01017,True,True,EQ,EQUITY,,False,False,2026-08-21,https://nsearchives.nseindia.com/content/equities/EQUITY_L.csv
KPEL,INE127T01021,True,True,EQ,EQUITY,,False,False,2026-08-21,https://nsearchives.nseindia.com/content/equities/EQUITY_L.csv
KPIGREEN,INE542W01025,True,True,EQ,EQUITY,,False,False,2026-08-21,https://nsearchives.nseindia.com/content/equities/EQUITY_L.csv
KPIL,INE220B01022,True,True,EQ,EQUITY,,False,False,2026-08-21,https://nsearchives.nseindia.com/content/equities/EQUITY_L.csv
KPITTECH,INE04I401011,True,True,EQ,EQUITY,,False,False,2026-08-21,https://nsearchives.nseindia.com/content/equities/EQUITY_L.csv
KPL,INE552U01010,True,True,EQ,EQUITY,,False,False,2026-08-21,https://nsearchives.nseindia.com/content/equities/EQUITY_L.csv
KPRMILL,INE930H01031,True,True,EQ,EQUITY,,False,False,2026-08-21,https://nsearchives.nseindia.com/content/equities/EQUITY_L.csv
KRBL,INE001B01026,True,True,EQ,EQUITY,,False,False,2026-08-21,https://nsearchives.nseindia.com/content/equities/EQUITY_L.csv
KREBSBIO,INE268B01013,True,True,EQ,EQUITY,,False,False,2026-08-21,https://nsearchives.nseindia.com/content/equities/EQUITY_L.csv
KRISHANA,INE506W01020,True,True,EQ,EQUITY,,False,False,2026-08-21,https://nsearchives.nseindia.com/content/equities/EQUITY_L.csv
KRISHIVAL,INE0GGO01015,True,True,EQ,EQUITY,,False,False,2026-08-21,https://nsearchives.nseindia.com/content/equities/EQUITY_L.csv
KRISHNADEF,INE0J5601015,True,True,EQ,EQUITY,,False,False,2026-08-21,https://nsearchives.nseindia.com/content/equities/EQUITY_L.csv
KRITI,INE479D01038,True,True,EQ,EQUITY,,False,False,2026-08-21,https://nsearchives.nseindia.com/content/equities/EQUITY_L.csv
KRITIKA,INE00Z501029,True,True,EQ,EQUITY,,False,False,2026-08-21,https://nsearchives.nseindia.com/content/equities/EQUITY_L.csv
KRITINUT,INE798K01010,True,True,EQ,EQUITY,,False,False,2026-08-21,https://nsearchives.nseindia.com/content/equities/EQUITY_L.csv
KRN,INE0Q3J01015,True,True,EQ,EQUITY,,False,False,2026-08-21,https://nsearchives.nseindia.com/content/equities/EQUITY_L.csv
KRONOX,INE0ATZ01017,True,True,EQ,EQUITY,,False,False,2026-08-21,https://nsearchives.nseindia.com/content/equities/EQUITY_L.csv
KROSS,INE0O6601022,True,True,EQ,EQUITY,,False,False,2026-08-21,https://nsearchives.nseindia.com/content/equities/EQUITY_L.csv
KRSNAA,INE08LI01020,True,True,EQ,EQUITY,,False,False,2026-08-21,https://nsearchives.nseindia.com/content/equities/EQUITY_L.csv
KRYSTAL,INE0QN801017,True,True,EQ,EQUITY,,False,False,2026-08-21,https://nsearchives.nseindia.com/content/equities/EQUITY_L.csv
KSB,INE999A01023,True,True,EQ,EQUITY,,False,False,2026-08-21,https://nsearchives.nseindia.com/content/equities/EQUITY_L.csv
KSCL,INE455I01029,True,True,EQ,EQUITY,,False,False,2026-08-21,https://nsearchives.nseindia.com/content/equities/EQUITY_L.csv
KSE,INE953E01022,True,True,EQ,EQUITY,,False,False,2026-08-21,https://nsearchives.nseindia.com/content/equities/EQUITY_L.csv
KSHINTL,INE987S01020,True,True,EQ,EQUITY,,False,False,2026-08-21,https://nsearchives.nseindia.com/content/equities/EQUITY_L.csv
KSHITIJPOL,INE013801027,True,True,EQ,EQUITY,,False,False,2026-08-21,https://nsearchives.nseindia.com/content/equities/EQUITY_L.csv
KSL,INE907A01026,True,True,EQ,EQUITY,,False,False,2026-08-21,https://nsearchives.nseindia.com/content/equities/EQUITY_L.csv
KSOLVES,INE0D6I01023,True,True,EQ,EQUITY,,False,False,2026-08-21,https://nsearchives.nseindia.com/content/equities/EQUITY_L.csv
KSR,INE1SPP01016,True,True,EQ,EQUITY,,False,False,2026-08-21,https://nsearchives.nseindia.com/content/equities/EQUITY_L.csv
KTKBANK,INE614B01018,True,True,EQ,EQUITY,,False,False,2026-08-21,https://nsearchives.nseindia.com/content/equities/EQUITY_L.csv
KUANTUM,INE529I01021,True,True,EQ,EQUITY,,False,False,2026-08-21,https://nsearchives.nseindia.com/content/equities/EQUITY_L.csv
KUSUMGAR,INE0ISX01025,True,True,EQ,EQUITY,,False,False,2026-08-21,https://nsearchives.nseindia.com/content/equities/EQUITY_L.csv
KWIL,INE2KCE01013,True,True,EQ,EQUITY,,False,False,2026-08-21,https://nsearchives.nseindia.com/content/equities/EQUITY_L.csv
LADDERUP,INE519D01015,True,True,EQ,EQUITY,,False,False,2026-08-21,https://nsearchives.nseindia.com/content/equities/EQUITY_L.csv
LAGNAM,INE548Z01017,True,True,EQ,EQUITY,,False,False,2026-08-21,https://nsearchives.nseindia.com/content/equities/EQUITY_L.csv
LAHOTIOV,INE515C01023,True,True,EQ,EQUITY,,False,False,2026-08-21,https://nsearchives.nseindia.com/content/equities/EQUITY_L.csv
LAKSHMIMIL,INE938C01019,True,True,EQ,EQUITY,,False,False,2026-08-21,https://nsearchives.nseindia.com/content/equities/EQUITY_L.csv
LAL,INE740X01023,True,True,EQ,EQUITY,,False,False,2026-08-21,https://nsearchives.nseindia.com/content/equities/EQUITY_L.csv
LALPATHLAB,INE600L01024,True,True,EQ,EQUITY,,False,False,2026-08-21,https://nsearchives.nseindia.com/content/equities/EQUITY_L.csv
LAMBODHARA,INE112F01022,True,True,EQ,EQUITY,,False,False,2026-08-21,https://nsearchives.nseindia.com/content/equities/EQUITY_L.csv
LANCER,INE359U01028,True,True,EQ,EQUITY,,False,False,2026-08-21,https://nsearchives.nseindia.com/content/equities/EQUITY_L.csv
LANCORHOL,INE572G01025,True,True,EQ,EQUITY,,False,False,2026-08-21,https://nsearchives.nseindia.com/content/equities/EQUITY_L.csv
LANDMARK,INE559R01029,True,True,EQ,EQUITY,,False,False,2026-08-21,https://nsearchives.nseindia.com/content/equities/EQUITY_L.csv
LANDSMILL,INE688J01023,True,True,EQ,EQUITY,,False,False,2026-08-21,https://nsearchives.nseindia.com/content/equities/EQUITY_L.csv
LAOPALA,INE059D01020,True,True,EQ,EQUITY,,False,False,2026-08-21,https://nsearchives.nseindia.com/content/equities/EQUITY_L.csv
LASA,INE670X01014,True,True,EQ,EQUITY,,False,False,2026-08-21,https://nsearchives.nseindia.com/content/equities/EQUITY_L.csv
LASERPOWER,INE17IR01028,True,True,EQ,EQUITY,,False,False,2026-08-21,https://nsearchives.nseindia.com/content/equities/EQUITY_L.csv
LATENTVIEW,INE0I7C01011,True,True,EQ,EQUITY,,False,False,2026-08-21,https://nsearchives.nseindia.com/content/equities/EQUITY_L.csv
LATTEYS,INE262Z01023,True,True,EQ,EQUITY,,False,False,2026-08-21,https://nsearchives.nseindia.com/content/equities/EQUITY_L.csv
LAURUSLABS,INE947Q01028,True,True,EQ,EQUITY,,False,False,2026-08-21,https://nsearchives.nseindia.com/content/equities/EQUITY_L.csv
LAXMICOT,INE801V01019,True,True,EQ,EQUITY,,False,False,2026-08-21,https://nsearchives.nseindia.com/content/equities/EQUITY_L.csv
LAXMIDENTL,INE0WO601020,True,True,EQ,EQUITY,,False,False,2026-08-21,https://nsearchives.nseindia.com/content/equities/EQUITY_L.csv
LAXMIINDIA,INE06WU01026,True,True,EQ,EQUITY,,False,False,2026-08-21,https://nsearchives.nseindia.com/content/equities/EQUITY_L.csv
LCCINFOTEC,INE938A01021,True,True,EQ,EQUITY,,False,False,2026-08-21,https://nsearchives.nseindia.com/content/equities/EQUITY_L.csv
LCL,INE0QJW01029,True,True,EQ,EQUITY,,False,False,2026-08-21,https://nsearchives.nseindia.com/content/equities/EQUITY_L.csv
LEAPIND,INE00GO01025,True,True,EQ,EQUITY,,False,False,2026-08-21,https://nsearchives.nseindia.com/content/equities/EQUITY_L.csv
LEENEE,INE791B01014,True,True,EQ,EQUITY,,False,False,2026-08-21,https://nsearchives.nseindia.com/content/equities/EQUITY_L.csv
LEMERITE,INE0G1L01025,True,True,EQ,EQUITY,,False,False,2026-08-21,https://nsearchives.nseindia.com/content/equities/EQUITY_L.csv
LEMONTREE,INE970X01018,True,True,EQ,EQUITY,,False,False,2026-08-21,https://nsearchives.nseindia.com/content/equities/EQUITY_L.csv
LENSKART,INE956O01016,True,True,EQ,EQUITY,,False,False,2026-08-21,https://nsearchives.nseindia.com/content/equities/EQUITY_L.csv
LEXUS,INE500X01013,True,True,EQ,EQUITY,,False,False,2026-08-21,https://nsearchives.nseindia.com/content/equities/EQUITY_L.csv
LFIC,INE850E01012,True,True,EQ,EQUITY,,False,False,2026-08-21,https://nsearchives.nseindia.com/content/equities/EQUITY_L.csv
LGBBROSLTD,INE337A01034,True,True,EQ,EQUITY,,False,False,2026-08-21,https://nsearchives.nseindia.com/content/equities/EQUITY_L.csv
LGEINDIA,INE324D01010,True,True,EQ,EQUITY,,False,False,2026-08-21,https://nsearchives.nseindia.com/content/equities/EQUITY_L.csv
LGHL,INE258Y01016,True,True,EQ,EQUITY,,False,False,2026-08-21,https://nsearchives.nseindia.com/content/equities/EQUITY_L.csv
LIBAS,INE908V01012,True,True,EQ,EQUITY,,False,False,2026-08-21,https://nsearchives.nseindia.com/content/equities/EQUITY_L.csv
LIBERTSHOE,INE557B01019,True,True,EQ,EQUITY,,False,False,2026-08-21,https://nsearchives.nseindia.com/content/equities/EQUITY_L.csv
LICHSGFIN,INE115A01026,True,True,EQ,EQUITY,,False,False,2026-08-21,https://nsearchives.nseindia.com/content/equities/EQUITY_L.csv
LICI,INE0J1Y01017,True,True,EQ,EQUITY,,False,False,2026-08-21,https://nsearchives.nseindia.com/content/equities/EQUITY_L.csv
LIKHITHA,INE060901027,True,True,EQ,EQUITY,,False,False,2026-08-21,https://nsearchives.nseindia.com/content/equities/EQUITY_L.csv
LINC,INE802B01027,True,True,EQ,EQUITY,,False,False,2026-08-21,https://nsearchives.nseindia.com/content/equities/EQUITY_L.csv
LINCOLN,INE405C01035,True,True,EQ,EQUITY,,False,False,2026-08-21,https://nsearchives.nseindia.com/content/equities/EQUITY_L.csv
LINDEINDIA,INE473A01011,True,True,EQ,EQUITY,,False,False,2026-08-21,https://nsearchives.nseindia.com/content/equities/EQUITY_L.csv
LKPSEC,INE341H01023,True,True,EQ,EQUITY,,False,False,2026-08-21,https://nsearchives.nseindia.com/content/equities/EQUITY_L.csv
LLOYDSENGG,INE093R01011,True,True,EQ,EQUITY,,False,False,2026-08-21,https://nsearchives.nseindia.com/content/equities/EQUITY_L.csv
LLOYDSENT,INE080I01025,True,True,EQ,EQUITY,,False,False,2026-08-21,https://nsearchives.nseindia.com/content/equities/EQUITY_L.csv
LLOYDSME,INE281B01032,True,True,EQ,EQUITY,,False,False,2026-08-21,https://nsearchives.nseindia.com/content/equities/EQUITY_L.csv
LMW,INE269B01029,True,True,EQ,EQUITY,,False,False,2026-08-21,https://nsearchives.nseindia.com/content/equities/EQUITY_L.csv
LODHA,INE670K01029,True,True,EQ,EQUITY,,False,False,2026-08-21,https://nsearchives.nseindia.com/content/equities/EQUITY_L.csv
LORDSCHLO,INE846D01012,True,True,EQ,EQUITY,,False,False,2026-08-21,https://nsearchives.nseindia.com/content/equities/EQUITY_L.csv
LOTUSCHO,INE026D01011,True,True,EQ,EQUITY,,False,False,2026-08-21,https://nsearchives.nseindia.com/content/equities/EQUITY_L.csv
LOTUSEYE,INE947I01017,True,True,EQ,EQUITY,,False,False,2026-08-21,https://nsearchives.nseindia.com/content/equities/EQUITY_L.csv
LOVABLE,INE597L01014,True,True,EQ,EQUITY,,False,False,2026-08-21,https://nsearchives.nseindia.com/content/equities/EQUITY_L.csv
LOYALTEX,INE970D01010,True,True,EQ,EQUITY,,False,False,2026-08-21,https://nsearchives.nseindia.com/content/equities/EQUITY_L.csv
LPDC,INE197J01017,True,True,EQ,EQUITY,,False,False,2026-08-21,https://nsearchives.nseindia.com/content/equities/EQUITY_L.csv
LT,INE018A01030,True,True,EQ,EQUITY,,False,False,2026-08-21,https://nsearchives.nseindia.com/content/equities/EQUITY_L.csv
LTF,INE498L01015,True,True,EQ,EQUITY,,False,False,2026-08-21,https://nsearchives.nseindia.com/content/equities/EQUITY_L.csv
LTFOODS,INE818H01020,True,True,EQ,EQUITY,,False,False,2026-08-21,https://nsearchives.nseindia.com/content/equities/EQUITY_L.csv
LTM,INE214T01019,True,True,EQ,EQUITY,,False,False,2026-08-21,https://nsearchives.nseindia.com/content/equities/EQUITY_L.csv
LTTS,INE010V01017,True,True,EQ,EQUITY,,False,False,2026-08-21,https://nsearchives.nseindia.com/content/equities/EQUITY_L.csv
LUMAXIND,INE162B01018,True,True,EQ,EQUITY,,False,False,2026-08-21,https://nsearchives.nseindia.com/content/equities/EQUITY_L.csv
LUMAXTECH,INE872H01027,True,True,EQ,EQUITY,,False,False,2026-08-21,https://nsearchives.nseindia.com/content/equities/EQUITY_L.csv
LUPIN,INE326A01037,True,True,EQ,EQUITY,,False,False,2026-08-21,https://nsearchives.nseindia.com/content/equities/EQUITY_L.csv
LUXIND,INE150G01020,True,True,EQ,EQUITY,,False,False,2026-08-21,https://nsearchives.nseindia.com/content/equities/EQUITY_L.csv
LXCHEM,INE576O01020,True,True,EQ,EQUITY,,False,False,2026-08-21,https://nsearchives.nseindia.com/content/equities/EQUITY_L.csv
M&M,INE101A01026,True,True,EQ,EQUITY,,False,False,2026-08-21,https://nsearchives.nseindia.com/content/equities/EQUITY_L.csv
M&MFIN,INE774D01024,True,True,EQ,EQUITY,,False,False,2026-08-21,https://nsearchives.nseindia.com/content/equities/EQUITY_L.csv
MAANALU,INE215I01027,True,True,EQ,EQUITY,,False,False,2026-08-21,https://nsearchives.nseindia.com/content/equities/EQUITY_L.csv
MACPOWER,INE155Z01011,True,True,EQ,EQUITY,,False,False,2026-08-21,https://nsearchives.nseindia.com/content/equities/EQUITY_L.csv
MADHAV,INE925C01016,True,True,EQ,EQUITY,,False,False,2026-08-21,https://nsearchives.nseindia.com/content/equities/EQUITY_L.csv
MADHAVIPL,INE631R01026,True,True,EQ,EQUITY,,False,False,2026-08-21,https://nsearchives.nseindia.com/content/equities/EQUITY_L.csv
MADRASFERT,INE414A01015,True,True,EQ,EQUITY,,False,False,2026-08-21,https://nsearchives.nseindia.com/content/equities/EQUITY_L.csv
MAFATIND,INE270B01035,True,True,EQ,EQUITY,,False,False,2026-08-21,https://nsearchives.nseindia.com/content/equities/EQUITY_L.csv
MAGADSUGAR,INE347W01011,True,True,EQ,EQUITY,,False,False,2026-08-21,https://nsearchives.nseindia.com/content/equities/EQUITY_L.csv
MAGNUM,INE387I01016,True,True,EQ,EQUITY,,False,False,2026-08-21,https://nsearchives.nseindia.com/content/equities/EQUITY_L.csv
MAHABANK,INE457A01014,True,True,EQ,EQUITY,,False,False,2026-08-21,https://nsearchives.nseindia.com/content/equities/EQUITY_L.csv
MAHAPEXLTD,INE843B01013,True,True,EQ,EQUITY,,False,False,2026-08-21,https://nsearchives.nseindia.com/content/equities/EQUITY_L.csv
MAHEPC,INE215D01010,True,True,EQ,EQUITY,,False,False,2026-08-21,https://nsearchives.nseindia.com/content/equities/EQUITY_L.csv
MAHLIFE,INE813A01018,True,True,EQ,EQUITY,,False,False,2026-08-21,https://nsearchives.nseindia.com/content/equities/EQUITY_L.csv
MAHLOG,INE766P01016,True,True,EQ,EQUITY,,False,False,2026-08-21,https://nsearchives.nseindia.com/content/equities/EQUITY_L.csv
MAHSCOOTER,INE288A01013,True,True,EQ,EQUITY,,False,False,2026-08-21,https://nsearchives.nseindia.com/content/equities/EQUITY_L.csv
MAHSEAMLES,INE271B01025,True,True,EQ,EQUITY,,False,False,2026-08-21,https://nsearchives.nseindia.com/content/equities/EQUITY_L.csv
MAITHANALL,INE683C01011,True,True,EQ,EQUITY,,False,False,2026-08-21,https://nsearchives.nseindia.com/content/equities/EQUITY_L.csv
MAKERSL,INE987A01010,True,True,EQ,EQUITY,,False,False,2026-08-21,https://nsearchives.nseindia.com/content/equities/EQUITY_L.csv
MALLCOM,INE389C01015,True,True,EQ,EQUITY,,False,False,2026-08-21,https://nsearchives.nseindia.com/content/equities/EQUITY_L.csv
MALUPAPER,INE383H01017,True,True,EQ,EQUITY,,False,False,2026-08-21,https://nsearchives.nseindia.com/content/equities/EQUITY_L.csv
MAMATA,INE0TO701015,True,True,EQ,EQUITY,,False,False,2026-08-21,https://nsearchives.nseindia.com/content/equities/EQUITY_L.csv
MANAKALUCO,INE859Q01017,True,True,EQ,EQUITY,,False,False,2026-08-21,https://nsearchives.nseindia.com/content/equities/EQUITY_L.csv
MANAKCOAT,INE830Q01018,True,True,EQ,EQUITY,,False,False,2026-08-21,https://nsearchives.nseindia.com/content/equities/EQUITY_L.csv
MANAKSIA,INE015D01022,True,True,EQ,EQUITY,,False,False,2026-08-21,https://nsearchives.nseindia.com/content/equities/EQUITY_L.csv
MANAKSTEEL,INE824Q01011,True,True,EQ,EQUITY,,False,False,2026-08-21,https://nsearchives.nseindia.com/content/equities/EQUITY_L.csv
MANALIPETC,INE201A01024,True,True,EQ,EQUITY,,False,False,2026-08-21,https://nsearchives.nseindia.com/content/equities/EQUITY_L.csv
MANAPPURAM,INE522D01027,True,True,EQ,EQUITY,,False,False,2026-08-21,https://nsearchives.nseindia.com/content/equities/EQUITY_L.csv
MANBA,INE939X01013,True,True,EQ,EQUITY,,False,False,2026-08-21,https://nsearchives.nseindia.com/content/equities/EQUITY_L.csv
MANBRO,INE348N01042,True,True,EQ,EQUITY,,False,False,2026-08-21,https://nsearchives.nseindia.com/content/equities/EQUITY_L.csv
MANCREDIT,INE545L01039,True,True,EQ,EQUITY,,False,False,2026-08-21,https://nsearchives.nseindia.com/content/equities/EQUITY_L.csv
MANGALAM,INE584F01014,True,True,EQ,EQUITY,,False,False,2026-08-21,https://nsearchives.nseindia.com/content/equities/EQUITY_L.csv
MANGLMCEM,INE347A01017,True,True,EQ,EQUITY,,False,False,2026-08-21,https://nsearchives.nseindia.com/content/equities/EQUITY_L.csv
MANINDS,INE993A01026,True,True,EQ,EQUITY,,False,False,2026-08-21,https://nsearchives.nseindia.com/content/equities/EQUITY_L.csv
MANINFRA,INE949H01023,True,True,EQ,EQUITY,,False,False,2026-08-21,https://nsearchives.nseindia.com/content/equities/EQUITY_L.csv
MANIPALHOS,INE459N01021,True,True,EQ,EQUITY,,False,False,2026-08-21,https://nsearchives.nseindia.com/content/equities/EQUITY_L.csv
MANKIND,INE634S01028,True,True,EQ,EQUITY,,False,False,2026-08-21,https://nsearchives.nseindia.com/content/equities/EQUITY_L.csv
MANOMAY,INE784W01015,True,True,EQ,EQUITY,,False,False,2026-08-21,https://nsearchives.nseindia.com/content/equities/EQUITY_L.csv
MANORAMA,INE00VM01036,True,True,EQ,EQUITY,,False,False,2026-08-21,https://nsearchives.nseindia.com/content/equities/EQUITY_L.csv
MANORG,INE370D01013,True,True,EQ,EQUITY,,False,False,2026-08-21,https://nsearchives.nseindia.com/content/equities/EQUITY_L.csv
MANYAVAR,INE825V01034,True,True,EQ,EQUITY,,False,False,2026-08-21,https://nsearchives.nseindia.com/content/equities/EQUITY_L.csv
MAPMYINDIA,INE0BV301023,True,True,EQ,EQUITY,,False,False,2026-08-21,https://nsearchives.nseindia.com/content/equities/EQUITY_L.csv
MARALOVER,INE882A01013,True,True,EQ,EQUITY,,False,False,2026-08-21,https://nsearchives.nseindia.com/content/equities/EQUITY_L.csv
MARATHON,INE182D01020,True,True,EQ,EQUITY,,False,False,2026-08-21,https://nsearchives.nseindia.com/content/equities/EQUITY_L.csv
MARICO,INE196A01026,True,True,EQ,EQUITY,,False,False,2026-08-21,https://nsearchives.nseindia.com/content/equities/EQUITY_L.csv
MARINE,INE01JE01028,True,True,EQ,EQUITY,,False,False,2026-08-21,https://nsearchives.nseindia.com/content/equities/EQUITY_L.csv
MARKOLINES,INE0FW001016,True,True,EQ,EQUITY,,False,False,2026-08-21,https://nsearchives.nseindia.com/content/equities/EQUITY_L.csv
MARKSANS,INE750C01026,True,True,EQ,EQUITY,,False,False,2026-08-21,https://nsearchives.nseindia.com/content/equities/EQUITY_L.csv
MARSONS,INE415B01044,True,True,EQ,EQUITY,,False,False,2026-08-21,https://nsearchives.nseindia.com/content/equities/EQUITY_L.csv
MARUTI,INE585B01010,True,True,EQ,EQUITY,,False,False,2026-08-21,https://nsearchives.nseindia.com/content/equities/EQUITY_L.csv
MASFIN,INE348L01012,True,True,EQ,EQUITY,,False,False,2026-08-21,https://nsearchives.nseindia.com/content/equities/EQUITY_L.csv
MASKINVEST,INE885F01015,True,True,EQ,EQUITY,,False,False,2026-08-21,https://nsearchives.nseindia.com/content/equities/EQUITY_L.csv
MASTEK,INE759A01021,True,True,EQ,EQUITY,,False,False,2026-08-21,https://nsearchives.nseindia.com/content/equities/EQUITY_L.csv
MASTERTR,INE677D01037,True,True,EQ,EQUITY,,False,False,2026-08-21,https://nsearchives.nseindia.com/content/equities/EQUITY_L.csv
MATRIMONY,INE866R01028,True,True,EQ,EQUITY,,False,False,2026-08-21,https://nsearchives.nseindia.com/content/equities/EQUITY_L.csv
MAWANASUG,INE636A01039,True,True,EQ,EQUITY,,False,False,2026-08-21,https://nsearchives.nseindia.com/content/equities/EQUITY_L.csv
MAXESTATES,INE03EI01018,True,True,EQ,EQUITY,,False,False,2026-08-21,https://nsearchives.nseindia.com/content/equities/EQUITY_L.csv
MAXHEALTH,INE027H01010,True,True,EQ,EQUITY,,False,False,2026-08-21,https://nsearchives.nseindia.com/content/equities/EQUITY_L.csv
MAXIND,INE0CG601016,True,True,EQ,EQUITY,,False,False,2026-08-21,https://nsearchives.nseindia.com/content/equities/EQUITY_L.csv
MAYURUNIQ,INE040D01038,True,True,EQ,EQUITY,,False,False,2026-08-21,https://nsearchives.nseindia.com/content/equities/EQUITY_L.csv
MAZDOCK,INE249Z01020,True,True,EQ,EQUITY,,False,False,2026-08-21,https://nsearchives.nseindia.com/content/equities/EQUITY_L.csv
MBAPL,INE900L01028,True,True,EQ,EQUITY,,False,False,2026-08-21,https://nsearchives.nseindia.com/content/equities/EQUITY_L.csv
MBEL,INE08N601015,True,True,EQ,EQUITY,,False,False,2026-08-21,https://nsearchives.nseindia.com/content/equities/EQUITY_L.csv
MBLINFRA,INE912H01013,True,True,EQ,EQUITY,,False,False,2026-08-21,https://nsearchives.nseindia.com/content/equities/EQUITY_L.csv
MCCHRLS-B,INE435D01014,True,True,EQ,EQUITY,,False,False,2026-08-21,https://nsearchives.nseindia.com/content/equities/EQUITY_L.csv
MCL,INE813V01022,True,True,EQ,EQUITY,,False,False,2026-08-21,https://nsearchives.nseindia.com/content/equities/EQUITY_L.csv
MCLEODRUSS,INE942G01012,True,True,EQ,EQUITY,,False,False,2026-08-21,https://nsearchives.nseindia.com/content/equities/EQUITY_L.csv
MCLOUD,INE613C01026,True,True,EQ,EQUITY,,False,False,2026-08-21,https://nsearchives.nseindia.com/content/equities/EQUITY_L.csv
MCX,INE745G01043,True,True,EQ,EQUITY,,False,False,2026-08-21,https://nsearchives.nseindia.com/content/equities/EQUITY_L.csv
MEDANTA,INE474Q01031,True,True,EQ,EQUITY,,False,False,2026-08-21,https://nsearchives.nseindia.com/content/equities/EQUITY_L.csv
MEDIASSIST,INE456Z01021,True,True,EQ,EQUITY,,False,False,2026-08-21,https://nsearchives.nseindia.com/content/equities/EQUITY_L.csv
MEDICAMEQ,INE646B01010,True,True,EQ,EQUITY,,False,False,2026-08-21,https://nsearchives.nseindia.com/content/equities/EQUITY_L.csv
MEDICAPQ,INE442D01010,True,True,EQ,EQUITY,,False,False,2026-08-21,https://nsearchives.nseindia.com/content/equities/EQUITY_L.csv
MEDICO,INE630Y01024,True,True,EQ,EQUITY,,False,False,2026-08-21,https://nsearchives.nseindia.com/content/equities/EQUITY_L.csv
MEDPLUS,INE804L01022,True,True,EQ,EQUITY,,False,False,2026-08-21,https://nsearchives.nseindia.com/content/equities/EQUITY_L.csv
MEESHO,INE0VDM01015,True,True,EQ,EQUITY,,False,False,2026-08-21,https://nsearchives.nseindia.com/content/equities/EQUITY_L.csv
MEGASTAR,INE00EM01016,True,True,EQ,EQUITY,,False,False,2026-08-21,https://nsearchives.nseindia.com/content/equities/EQUITY_L.csv
MEIL,INE0PKD01011,True,True,EQ,EQUITY,,False,False,2026-08-21,https://nsearchives.nseindia.com/content/equities/EQUITY_L.csv
MENNPIS,INE650G01029,True,True,EQ,EQUITY,,False,False,2026-08-21,https://nsearchives.nseindia.com/content/equities/EQUITY_L.csv
MERCANTILE,INE689O01013,True,True,EQ,EQUITY,,False,False,2026-08-21,https://nsearchives.nseindia.com/content/equities/EQUITY_L.csv
MERCURYEV,INE763M01028,True,True,EQ,EQUITY,,False,False,2026-08-21,https://nsearchives.nseindia.com/content/equities/EQUITY_L.csv
METROBRAND,INE317I01021,True,True,EQ,EQUITY,,False,False,2026-08-21,https://nsearchives.nseindia.com/content/equities/EQUITY_L.csv
METROGLOBL,INE085D01033,True,True,EQ,EQUITY,,False,False,2026-08-21,https://nsearchives.nseindia.com/content/equities/EQUITY_L.csv
METROPOLIS,INE112L01020,True,True,EQ,EQUITY,,False,False,2026-08-21,https://nsearchives.nseindia.com/content/equities/EQUITY_L.csv
MFML,INE0US801024,True,True,EQ,EQUITY,,False,False,2026-08-21,https://nsearchives.nseindia.com/content/equities/EQUITY_L.csv
MFSL,INE180A01020,True,True,EQ,EQUITY,,False,False,2026-08-21,https://nsearchives.nseindia.com/content/equities/EQUITY_L.csv
MGL,INE002S01010,True,True,EQ,EQUITY,,False,False,2026-08-21,https://nsearchives.nseindia.com/content/equities/EQUITY_L.csv
MHRIL,INE998I01010,True,True,EQ,EQUITY,,False,False,2026-08-21,https://nsearchives.nseindia.com/content/equities/EQUITY_L.csv
MIDHANI,INE099Z01011,True,True,EQ,EQUITY,,False,False,2026-08-21,https://nsearchives.nseindia.com/content/equities/EQUITY_L.csv
MIDWESTLTD,INE0XAD01024,True,True,EQ,EQUITY,,False,False,2026-08-21,https://nsearchives.nseindia.com/content/equities/EQUITY_L.csv
MIIL,INE898Q01015,True,True,EQ,EQUITY,,False,False,2026-08-21,https://nsearchives.nseindia.com/content/equities/EQUITY_L.csv
MILKYMIST,INE00IT01020,True,True,EQ,EQUITY,,False,False,2026-08-21,https://nsearchives.nseindia.com/content/equities/EQUITY_L.csv
MINALIND,INE097E01028,True,True,EQ,EQUITY,,False,False,2026-08-21,https://nsearchives.nseindia.com/content/equities/EQUITY_L.csv
MINDACORP,INE842C01021,True,True,EQ,EQUITY,,False,False,2026-08-21,https://nsearchives.nseindia.com/content/equities/EQUITY_L.csv
MINDTECK,INE110B01017,True,True,EQ,EQUITY,,False,False,2026-08-21,https://nsearchives.nseindia.com/content/equities/EQUITY_L.csv
MIRZAINT,INE771A01026,True,True,EQ,EQUITY,,False,False,2026-08-21,https://nsearchives.nseindia.com/content/equities/EQUITY_L.csv
MITTAL,INE997Y01027,True,True,EQ,EQUITY,,False,False,2026-08-21,https://nsearchives.nseindia.com/content/equities/EQUITY_L.csv
MKEXIM,INE227F01010,True,True,EQ,EQUITY,,False,False,2026-08-21,https://nsearchives.nseindia.com/content/equities/EQUITY_L.csv
MKPL,INE964W01021,True,True,EQ,EQUITY,,False,False,2026-08-21,https://nsearchives.nseindia.com/content/equities/EQUITY_L.csv
MLKFOOD,INE588G01021,True,True,EQ,EQUITY,,False,False,2026-08-21,https://nsearchives.nseindia.com/content/equities/EQUITY_L.csv
MMFL,INE227C01017,True,True,EQ,EQUITY,,False,False,2026-08-21,https://nsearchives.nseindia.com/content/equities/EQUITY_L.csv
MMP,INE511Y01018,True,True,EQ,EQUITY,,False,False,2026-08-21,https://nsearchives.nseindia.com/content/equities/EQUITY_L.csv
MMTC,INE123F01029,True,True,EQ,EQUITY,,False,False,2026-08-21,https://nsearchives.nseindia.com/content/equities/EQUITY_L.csv
MMWL,INE200D01020,True,True,EQ,EQUITY,,False,False,2026-08-21,https://nsearchives.nseindia.com/content/equities/EQUITY_L.csv
MOBIKWIK,INE0HLU01028,True,True,EQ,EQUITY,,False,False,2026-08-21,https://nsearchives.nseindia.com/content/equities/EQUITY_L.csv
MODIRUBBER,INE832A01018,True,True,EQ,EQUITY,,False,False,2026-08-21,https://nsearchives.nseindia.com/content/equities/EQUITY_L.csv
MODIS,INE0L0L01012,True,True,EQ,EQUITY,,False,False,2026-08-21,https://nsearchives.nseindia.com/content/equities/EQUITY_L.csv
MODTHREAD,INE794W01014,True,True,EQ,EQUITY,,False,False,2026-08-21,https://nsearchives.nseindia.com/content/equities/EQUITY_L.csv
MOHITE,INE154B01023,True,True,EQ,EQUITY,,False,False,2026-08-21,https://nsearchives.nseindia.com/content/equities/EQUITY_L.csv
MOHITIND,INE954E01012,True,True,EQ,EQUITY,,False,False,2026-08-21,https://nsearchives.nseindia.com/content/equities/EQUITY_L.csv
MOIL,INE490G01020,True,True,EQ,EQUITY,,False,False,2026-08-21,https://nsearchives.nseindia.com/content/equities/EQUITY_L.csv
MOKSH,INE514Y01020,True,True,EQ,EQUITY,,False,False,2026-08-21,https://nsearchives.nseindia.com/content/equities/EQUITY_L.csv
MOL,INE0CT101020,True,True,EQ,EQUITY,,False,False,2026-08-21,https://nsearchives.nseindia.com/content/equities/EQUITY_L.csv
MOLBIO,INE869T01028,True,True,EQ,EQUITY,,False,False,2026-08-21,https://nsearchives.nseindia.com/content/equities/EQUITY_L.csv
MOLDTKPAC,INE893J01029,True,True,EQ,EQUITY,,False,False,2026-08-21,https://nsearchives.nseindia.com/content/equities/EQUITY_L.csv
MONARCH,INE903D01011,True,True,EQ,EQUITY,,False,False,2026-08-21,https://nsearchives.nseindia.com/content/equities/EQUITY_L.csv
MONEYBOXX,INE296Q01012,True,True,EQ,EQUITY,,False,False,2026-08-21,https://nsearchives.nseindia.com/content/equities/EQUITY_L.csv
MONTECARLO,INE950M01013,True,True,EQ,EQUITY,,False,False,2026-08-21,https://nsearchives.nseindia.com/content/equities/EQUITY_L.csv
MOREPENLAB,INE083A01026,True,True,EQ,EQUITY,,False,False,2026-08-21,https://nsearchives.nseindia.com/content/equities/EQUITY_L.csv
MOSCHIP,INE935B01025,True,True,EQ,EQUITY,,False,False,2026-08-21,https://nsearchives.nseindia.com/content/equities/EQUITY_L.csv
MOTHERSON,INE775A01035,True,True,EQ,EQUITY,,False,False,2026-08-21,https://nsearchives.nseindia.com/content/equities/EQUITY_L.csv
MOTILALOFS,INE338I01027,True,True,EQ,EQUITY,,False,False,2026-08-21,https://nsearchives.nseindia.com/content/equities/EQUITY_L.csv
MOTISONS,INE0FRK01020,True,True,EQ,EQUITY,,False,False,2026-08-21,https://nsearchives.nseindia.com/content/equities/EQUITY_L.csv
MPDL,INE493H01014,True,True,EQ,EQUITY,,False,False,2026-08-21,https://nsearchives.nseindia.com/content/equities/EQUITY_L.csv
MPHASIS,INE356A01018,True,True,EQ,EQUITY,,False,False,2026-08-21,https://nsearchives.nseindia.com/content/equities/EQUITY_L.csv
MPSLTD,INE943D01017,True,True,EQ,EQUITY,,False,False,2026-08-21,https://nsearchives.nseindia.com/content/equities/EQUITY_L.csv
MRF,INE883A01011,True,True,EQ,EQUITY,,False,False,2026-08-21,https://nsearchives.nseindia.com/content/equities/EQUITY_L.csv
MRPL,INE103A01014,True,True,EQ,EQUITY,,False,False,2026-08-21,https://nsearchives.nseindia.com/content/equities/EQUITY_L.csv
MSL,INE829S01016,True,True,EQ,EQUITY,,False,False,2026-08-21,https://nsearchives.nseindia.com/content/equities/EQUITY_L.csv
MSPL,INE752G01015,True,True,EQ,EQUITY,,False,False,2026-08-21,https://nsearchives.nseindia.com/content/equities/EQUITY_L.csv
MSTCLTD,INE255X01014,True,True,EQ,EQUITY,,False,False,2026-08-21,https://nsearchives.nseindia.com/content/equities/EQUITY_L.csv
MSUMI,INE0FS801015,True,True,EQ,EQUITY,,False,False,2026-08-21,https://nsearchives.nseindia.com/content/equities/EQUITY_L.csv
MTNL,INE153A01019,True,True,EQ,EQUITY,,False,False,2026-08-21,https://nsearchives.nseindia.com/content/equities/EQUITY_L.csv
MUFIN,INE08KJ01020,True,True,EQ,EQUITY,,False,False,2026-08-21,https://nsearchives.nseindia.com/content/equities/EQUITY_L.csv
MUFTI,INE220Q01020,True,True,EQ,EQUITY,,False,False,2026-08-21,https://nsearchives.nseindia.com/content/equities/EQUITY_L.csv
MUKANDLTD,INE304A01026,True,True,EQ,EQUITY,,False,False,2026-08-21,https://nsearchives.nseindia.com/content/equities/EQUITY_L.csv
MUKESHB,INE596B01017,True,True,EQ,EQUITY,,False,False,2026-08-21,https://nsearchives.nseindia.com/content/equities/EQUITY_L.csv
MUKKA,INE0CG401037,True,True,EQ,EQUITY,,False,False,2026-08-21,https://nsearchives.nseindia.com/content/equities/EQUITY_L.csv
MUNJALAU,INE672B01032,True,True,EQ,EQUITY,,False,False,2026-08-21,https://nsearchives.nseindia.com/content/equities/EQUITY_L.csv
MUNJALSHOW,INE577A01027,True,True,EQ,EQUITY,,False,False,2026-08-21,https://nsearchives.nseindia.com/content/equities/EQUITY_L.csv
MURUDCERA,INE692B01014,True,True,EQ,EQUITY,,False,False,2026-08-21,https://nsearchives.nseindia.com/content/equities/EQUITY_L.csv
MUTHOOTCAP,INE296G01013,True,True,EQ,EQUITY,,False,False,2026-08-21,https://nsearchives.nseindia.com/content/equities/EQUITY_L.csv
MUTHOOTFIN,INE414G01012,True,True,EQ,EQUITY,,False,False,2026-08-21,https://nsearchives.nseindia.com/content/equities/EQUITY_L.csv
MUTHOOTMF,INE046W01019,True,True,EQ,EQUITY,,False,False,2026-08-21,https://nsearchives.nseindia.com/content/equities/EQUITY_L.csv
MVELECTRO,INE0OWZ01020,True,True,EQ,EQUITY,,False,False,2026-08-21,https://nsearchives.nseindia.com/content/equities/EQUITY_L.csv
MVGJL,INE0KNT01012,True,True,EQ,EQUITY,,False,False,2026-08-21,https://nsearchives.nseindia.com/content/equities/EQUITY_L.csv
MWL,INE0JYY01029,True,True,EQ,EQUITY,,False,False,2026-08-21,https://nsearchives.nseindia.com/content/equities/EQUITY_L.csv
MYSORPETRO,INE741A01011,True,True,EQ,EQUITY,,False,False,2026-08-21,https://nsearchives.nseindia.com/content/equities/EQUITY_L.csv
NACLIND,INE295D01020,True,True,EQ,EQUITY,,False,False,2026-08-21,https://nsearchives.nseindia.com/content/equities/EQUITY_L.csv
NAGREEKCAP,INE245I01016,True,True,EQ,EQUITY,,False,False,2026-08-21,https://nsearchives.nseindia.com/content/equities/EQUITY_L.csv
NAGREEKEXP,INE123B01028,True,True,EQ,EQUITY,,False,False,2026-08-21,https://nsearchives.nseindia.com/content/equities/EQUITY_L.csv
NAHARCAP,INE049I01012,True,True,EQ,EQUITY,,False,False,2026-08-21,https://nsearchives.nseindia.com/content/equities/EQUITY_L.csv
NAHARINDUS,INE289A01011,True,True,EQ,EQUITY,,False,False,2026-08-21,https://nsearchives.nseindia.com/content/equities/EQUITY_L.csv
NAHARPOLY,INE308A01027,True,True,EQ,EQUITY,,False,False,2026-08-21,https://nsearchives.nseindia.com/content/equities/EQUITY_L.csv
NAHARSPING,INE290A01027,True,True,EQ,EQUITY,,False,False,2026-08-21,https://nsearchives.nseindia.com/content/equities/EQUITY_L.csv
NAM-INDIA,INE298J01013,True,True,EQ,EQUITY,,False,False,2026-08-21,https://nsearchives.nseindia.com/content/equities/EQUITY_L.csv
NARMADA,INE117Z01029,True,True,EQ,EQUITY,,False,False,2026-08-21,https://nsearchives.nseindia.com/content/equities/EQUITY_L.csv
NATCAPSUQ,INE936B01015,True,True,EQ,EQUITY,,False,False,2026-08-21,https://nsearchives.nseindia.com/content/equities/EQUITY_L.csv
NATCOPHARM,INE987B01026,True,True,EQ,EQUITY,,False,False,2026-08-21,https://nsearchives.nseindia.com/content/equities/EQUITY_L.csv
NATHBIOGEN,INE448G01010,True,True,EQ,EQUITY,,False,False,2026-08-21,https://nsearchives.nseindia.com/content/equities/EQUITY_L.csv
NATIONALUM,INE139A01034,True,True,EQ,EQUITY,,False,False,2026-08-21,https://nsearchives.nseindia.com/content/equities/EQUITY_L.csv
NATIONSTD,INE166R01015,True,True,EQ,EQUITY,,False,False,2026-08-21,https://nsearchives.nseindia.com/content/equities/EQUITY_L.csv
NAUKRI,INE663F01032,True,True,EQ,EQUITY,,False,False,2026-08-21,https://nsearchives.nseindia.com/content/equities/EQUITY_L.csv
NAVA,INE725A01030,True,True,EQ,EQUITY,,False,False,2026-08-21,https://nsearchives.nseindia.com/content/equities/EQUITY_L.csv
NAVINFLUOR,INE048G01026,True,True,EQ,EQUITY,,False,False,2026-08-21,https://nsearchives.nseindia.com/content/equities/EQUITY_L.csv
NAVKARCORP,INE278M01019,True,True,EQ,EQUITY,,False,False,2026-08-21,https://nsearchives.nseindia.com/content/equities/EQUITY_L.csv
NAVNETEDUL,INE060A01024,True,True,EQ,EQUITY,,False,False,2026-08-21,https://nsearchives.nseindia.com/content/equities/EQUITY_L.csv
NAZARA,INE418L01047,True,True,EQ,EQUITY,,False,False,2026-08-21,https://nsearchives.nseindia.com/content/equities/EQUITY_L.csv
NBCC,INE095N01031,True,True,EQ,EQUITY,,False,False,2026-08-21,https://nsearchives.nseindia.com/content/equities/EQUITY_L.csv
NBIFIN,INE365I01020,True,True,EQ,EQUITY,,False,False,2026-08-21,https://nsearchives.nseindia.com/content/equities/EQUITY_L.csv
NCC,INE868B01028,True,True,EQ,EQUITY,,False,False,2026-08-21,https://nsearchives.nseindia.com/content/equities/EQUITY_L.csv
NCLIND,INE732C01016,True,True,EQ,EQUITY,,False,False,2026-08-21,https://nsearchives.nseindia.com/content/equities/EQUITY_L.csv
NDGL,INE756C01015,True,True,EQ,EQUITY,,False,False,2026-08-21,https://nsearchives.nseindia.com/content/equities/EQUITY_L.csv
NDL,INE875G01048,True,True,EQ,EQUITY,,False,False,2026-08-21,https://nsearchives.nseindia.com/content/equities/EQUITY_L.csv
NDLVENTURE,INE353A01023,True,True,EQ,EQUITY,,False,False,2026-08-21,https://nsearchives.nseindia.com/content/equities/EQUITY_L.csv
NDRAUTO,INE07OG01012,True,True,EQ,EQUITY,,False,False,2026-08-21,https://nsearchives.nseindia.com/content/equities/EQUITY_L.csv
NDTV,INE155G01029,True,True,EQ,EQUITY,,False,False,2026-08-21,https://nsearchives.nseindia.com/content/equities/EQUITY_L.csv
NEAGI,INE605D01012,True,True,EQ,EQUITY,,False,False,2026-08-21,https://nsearchives.nseindia.com/content/equities/EQUITY_L.csv
NECLIFE,INE023H01027,True,True,EQ,EQUITY,,False,False,2026-08-21,https://nsearchives.nseindia.com/content/equities/EQUITY_L.csv
NELCAST,INE189I01024,True,True,EQ,EQUITY,,False,False,2026-08-21,https://nsearchives.nseindia.com/content/equities/EQUITY_L.csv
NELCO,INE045B01015,True,True,EQ,EQUITY,,False,False,2026-08-21,https://nsearchives.nseindia.com/content/equities/EQUITY_L.csv
NEOGEN,INE136S01016,True,True,EQ,EQUITY,,False,False,2026-08-21,https://nsearchives.nseindia.com/content/equities/EQUITY_L.csv
NEPHROPLUS,INE428V01029,True,True,EQ,EQUITY,,False,False,2026-08-21,https://nsearchives.nseindia.com/content/equities/EQUITY_L.csv
NESCO,INE317F01035,True,True,EQ,EQUITY,,False,False,2026-08-21,https://nsearchives.nseindia.com/content/equities/EQUITY_L.csv
NESTLEIND,INE239A01024,True,True,EQ,EQUITY,,False,False,2026-08-21,https://nsearchives.nseindia.com/content/equities/EQUITY_L.csv
NETWEB,INE0NT901020,True,True,EQ,EQUITY,,False,False,2026-08-21,https://nsearchives.nseindia.com/content/equities/EQUITY_L.csv
NETWORK18,INE870H01013,True,True,EQ,EQUITY,,False,False,2026-08-21,https://nsearchives.nseindia.com/content/equities/EQUITY_L.csv
NEULANDLAB,INE794A01010,True,True,EQ,EQUITY,,False,False,2026-08-21,https://nsearchives.nseindia.com/content/equities/EQUITY_L.csv
NEWGEN,INE619B01017,True,True,EQ,EQUITY,,False,False,2026-08-21,https://nsearchives.nseindia.com/content/equities/EQUITY_L.csv
NEXTMEDIA,INE747B01016,True,True,EQ,EQUITY,,False,False,2026-08-21,https://nsearchives.nseindia.com/content/equities/EQUITY_L.csv
NFL,INE870D01012,True,True,EQ,EQUITY,,False,False,2026-08-21,https://nsearchives.nseindia.com/content/equities/EQUITY_L.csv
NGLFINE,INE887E01022,True,True,EQ,EQUITY,,False,False,2026-08-21,https://nsearchives.nseindia.com/content/equities/EQUITY_L.csv
NH,INE410P01011,True,True,EQ,EQUITY,,False,False,2026-08-21,https://nsearchives.nseindia.com/content/equities/EQUITY_L.csv
NHPC,INE848E01016,True,True,EQ,EQUITY,,False,False,2026-08-21,https://nsearchives.nseindia.com/content/equities/EQUITY_L.csv
NIACL,INE470Y01017,True,True,EQ,EQUITY,,False,False,2026-08-21,https://nsearchives.nseindia.com/content/equities/EQUITY_L.csv
NIBE,INE149O01018,True,True,EQ,EQUITY,,False,False,2026-08-21,https://nsearchives.nseindia.com/content/equities/EQUITY_L.csv
NIBL,INE047O01014,True,True,EQ,EQUITY,,False,False,2026-08-21,https://nsearchives.nseindia.com/content/equities/EQUITY_L.csv
NICCOPAR,INE653C01022,True,True,EQ,EQUITY,,False,False,2026-08-21,https://nsearchives.nseindia.com/content/equities/EQUITY_L.csv
NIITLTD,INE161A01038,True,True,EQ,EQUITY,,False,False,2026-08-21,https://nsearchives.nseindia.com/content/equities/EQUITY_L.csv
NIITMTS,INE342G01023,True,True,EQ,EQUITY,,False,False,2026-08-21,https://nsearchives.nseindia.com/content/equities/EQUITY_L.csv
NILAINFRA,INE937C01029,True,True,EQ,EQUITY,,False,False,2026-08-21,https://nsearchives.nseindia.com/content/equities/EQUITY_L.csv
NILASPACES,INE00S901012,True,True,EQ,EQUITY,,False,False,2026-08-21,https://nsearchives.nseindia.com/content/equities/EQUITY_L.csv
NILE,INE445D01013,True,True,EQ,EQUITY,,False,False,2026-08-21,https://nsearchives.nseindia.com/content/equities/EQUITY_L.csv
NILKAMAL,INE310A01015,True,True,EQ,EQUITY,,False,False,2026-08-21,https://nsearchives.nseindia.com/content/equities/EQUITY_L.csv
NIMBSPROJ,INE875B01015,True,True,EQ,EQUITY,,False,False,2026-08-21,https://nsearchives.nseindia.com/content/equities/EQUITY_L.csv
NINSYS,INE395U01014,True,True,EQ,EQUITY,,False,False,2026-08-21,https://nsearchives.nseindia.com/content/equities/EQUITY_L.csv
NIPPOBATRY,INE567A01028,True,True,EQ,EQUITY,,False,False,2026-08-21,https://nsearchives.nseindia.com/content/equities/EQUITY_L.csv
NIRAJ,INE368I01016,True,True,EQ,EQUITY,,False,False,2026-08-21,https://nsearchives.nseindia.com/content/equities/EQUITY_L.csv
NIRAJISPAT,INE326T01011,True,True,EQ,EQUITY,,False,False,2026-08-21,https://nsearchives.nseindia.com/content/equities/EQUITY_L.csv
NIRLON,INE910A01012,True,True,EQ,EQUITY,,False,False,2026-08-21,https://nsearchives.nseindia.com/content/equities/EQUITY_L.csv
NITCO,INE858F01012,True,True,EQ,EQUITY,,False,False,2026-08-21,https://nsearchives.nseindia.com/content/equities/EQUITY_L.csv
NITINSPIN,INE229H01012,True,True,EQ,EQUITY,,False,False,2026-08-21,https://nsearchives.nseindia.com/content/equities/EQUITY_L.csv
NITIRAJ,INE439T01012,True,True,EQ,EQUITY,,False,False,2026-08-21,https://nsearchives.nseindia.com/content/equities/EQUITY_L.csv
NITTAGELA,INE265B01019,True,True,EQ,EQUITY,,False,False,2026-08-21,https://nsearchives.nseindia.com/content/equities/EQUITY_L.csv
NIVABUPA,INE995S01015,True,True,EQ,EQUITY,,False,False,2026-08-21,https://nsearchives.nseindia.com/content/equities/EQUITY_L.csv
NKIND,INE542C01019,True,True,EQ,EQUITY,,False,False,2026-08-21,https://nsearchives.nseindia.com/content/equities/EQUITY_L.csv
NLCINDIA,INE589A01014,True,True,EQ,EQUITY,,False,False,2026-08-21,https://nsearchives.nseindia.com/content/equities/EQUITY_L.csv
NMDC,INE584A01023,True,True,EQ,EQUITY,,False,False,2026-08-21,https://nsearchives.nseindia.com/content/equities/EQUITY_L.csv
NOCIL,INE163A01018,True,True,EQ,EQUITY,,False,False,2026-08-21,https://nsearchives.nseindia.com/content/equities/EQUITY_L.csv
NORBTEAEXP,INE369C01017,True,True,EQ,EQUITY,,False,False,2026-08-21,https://nsearchives.nseindia.com/content/equities/EQUITY_L.csv
NORTHARC,INE850M01015,True,True,EQ,EQUITY,,False,False,2026-08-21,https://nsearchives.nseindia.com/content/equities/EQUITY_L.csv
NOVARTIND,INE234A01025,True,True,EQ,EQUITY,,False,False,2026-08-21,https://nsearchives.nseindia.com/content/equities/EQUITY_L.csv
NPST,INE0FFK01017,True,True,EQ,EQUITY,,False,False,2026-08-21,https://nsearchives.nseindia.com/content/equities/EQUITY_L.csv
NRAIL,INE740D01017,True,True,EQ,EQUITY,,False,False,2026-08-21,https://nsearchives.nseindia.com/content/equities/EQUITY_L.csv
NRBBEARING,INE349A01021,True,True,EQ,EQUITY,,False,False,2026-08-21,https://nsearchives.nseindia.com/content/equities/EQUITY_L.csv
NSIL,INE023A01030,True,True,EQ,EQUITY,,False,False,2026-08-21,https://nsearchives.nseindia.com/content/equities/EQUITY_L.csv
NSLNISP,INE0NNS01018,True,True,EQ,EQUITY,,False,False,2026-08-21,https://nsearchives.nseindia.com/content/equities/EQUITY_L.csv
NTCIND,INE920C01017,True,True,EQ,EQUITY,,False,False,2026-08-21,https://nsearchives.nseindia.com/content/equities/EQUITY_L.csv
NTPC,INE733E01010,True,True,EQ,EQUITY,,False,False,2026-08-21,https://nsearchives.nseindia.com/content/equities/EQUITY_L.csv
NTPCGREEN,INE0ONG01011,True,True,EQ,EQUITY,,False,False,2026-08-21,https://nsearchives.nseindia.com/content/equities/EQUITY_L.csv
NUCLEUS,INE096B01018,True,True,EQ,EQUITY,,False,False,2026-08-21,https://nsearchives.nseindia.com/content/equities/EQUITY_L.csv
NUVAMA,INE531F01023,True,True,EQ,EQUITY,,False,False,2026-08-21,https://nsearchives.nseindia.com/content/equities/EQUITY_L.csv
NUVOCO,INE118D01016,True,True,EQ,EQUITY,,False,False,2026-08-21,https://nsearchives.nseindia.com/content/equities/EQUITY_L.csv
NYKAA,INE388Y01029,True,True,EQ,EQUITY,,False,False,2026-08-21,https://nsearchives.nseindia.com/content/equities/EQUITY_L.csv
OAL,INE959C01023,True,True,EQ,EQUITY,,False,False,2026-08-21,https://nsearchives.nseindia.com/content/equities/EQUITY_L.csv
OBCL,INE426Z01016,True,True,EQ,EQUITY,,False,False,2026-08-21,https://nsearchives.nseindia.com/content/equities/EQUITY_L.csv
OBEROIRLTY,INE093I01010,True,True,EQ,EQUITY,,False,False,2026-08-21,https://nsearchives.nseindia.com/content/equities/EQUITY_L.csv
ODIGMA,INE054301028,True,True,EQ,EQUITY,,False,False,2026-08-21,https://nsearchives.nseindia.com/content/equities/EQUITY_L.csv
ODYCORP,INE839E01023,True,True,EQ,EQUITY,,False,False,2026-08-21,https://nsearchives.nseindia.com/content/equities/EQUITY_L.csv
OFSS,INE881D01027,True,True,EQ,EQUITY,,False,False,2026-08-21,https://nsearchives.nseindia.com/content/equities/EQUITY_L.csv
OIL,INE274J01014,True,True,EQ,EQUITY,,False,False,2026-08-21,https://nsearchives.nseindia.com/content/equities/EQUITY_L.csv
OLAELEC,INE0LXG01040,True,True,EQ,EQUITY,,False,False,2026-08-21,https://nsearchives.nseindia.com/content/equities/EQUITY_L.csv
OLECTRA,INE260D01016,True,True,EQ,EQUITY,,False,False,2026-08-21,https://nsearchives.nseindia.com/content/equities/EQUITY_L.csv
OMAXAUTO,INE090B01011,True,True,EQ,EQUITY,,False,False,2026-08-21,https://nsearchives.nseindia.com/content/equities/EQUITY_L.csv
OMAXE,INE800H01010,True,True,EQ,EQUITY,,False,False,2026-08-21,https://nsearchives.nseindia.com/content/equities/EQUITY_L.csv
OMINFRAL,INE239D01028,True,True,EQ,EQUITY,,False,False,2026-08-21,https://nsearchives.nseindia.com/content/equities/EQUITY_L.csv
OMNI,INE0UH301010,True,True,EQ,EQUITY,,False,False,2026-08-21,https://nsearchives.nseindia.com/content/equities/EQUITY_L.csv
OMPOWER,INE25E901019,True,True,EQ,EQUITY,,False,False,2026-08-21,https://nsearchives.nseindia.com/content/equities/EQUITY_L.csv
ONEGLOBAL,INE670O01013,True,True,EQ,EQUITY,,False,False,2026-08-21,https://nsearchives.nseindia.com/content/equities/EQUITY_L.csv
ONEPOINT,INE840Y01029,True,True,EQ,EQUITY,,False,False,2026-08-21,https://nsearchives.nseindia.com/content/equities/EQUITY_L.csv
ONESOURCE,INE013P01021,True,True,EQ,EQUITY,,False,False,2026-08-21,https://nsearchives.nseindia.com/content/equities/EQUITY_L.csv
ONGC,INE213A01029,True,True,EQ,EQUITY,,False,False,2026-08-21,https://nsearchives.nseindia.com/content/equities/EQUITY_L.csv
ONIDA,INE831A01028,True,True,EQ,EQUITY,,False,False,2026-08-21,https://nsearchives.nseindia.com/content/equities/EQUITY_L.csv
ONIXSOLAR,INE173M01012,True,True,EQ,EQUITY,,False,False,2026-08-21,https://nsearchives.nseindia.com/content/equities/EQUITY_L.csv
ONWARDTEC,INE229A01017,True,True,EQ,EQUITY,,False,False,2026-08-21,https://nsearchives.nseindia.com/content/equities/EQUITY_L.csv
OPTIEMUS,INE350C01017,True,True,EQ,EQUITY,,False,False,2026-08-21,https://nsearchives.nseindia.com/content/equities/EQUITY_L.csv
OPTIFIN,INE031G01022,True,True,EQ,EQUITY,,False,False,2026-08-21,https://nsearchives.nseindia.com/content/equities/EQUITY_L.csv
ORCHASP,INE215B01022,True,True,EQ,EQUITY,,False,False,2026-08-21,https://nsearchives.nseindia.com/content/equities/EQUITY_L.csv
ORCHPHARMA,INE191A01027,True,True,EQ,EQUITY,,False,False,2026-08-21,https://nsearchives.nseindia.com/content/equities/EQUITY_L.csv
ORICONENT,INE730A01022,True,True,EQ,EQUITY,,False,False,2026-08-21,https://nsearchives.nseindia.com/content/equities/EQUITY_L.csv
ORIENTALTL,INE998H01012,True,True,EQ,EQUITY,,False,False,2026-08-21,https://nsearchives.nseindia.com/content/equities/EQUITY_L.csv
ORIENTBELL,INE607D01018,True,True,EQ,EQUITY,,False,False,2026-08-21,https://nsearchives.nseindia.com/content/equities/EQUITY_L.csv
ORIENTCEM,INE876N01018,True,True,EQ,EQUITY,,False,False,2026-08-21,https://nsearchives.nseindia.com/content/equities/EQUITY_L.csv
ORIENTCER,INE569C01020,True,True,EQ,EQUITY,,False,False,2026-08-21,https://nsearchives.nseindia.com/content/equities/EQUITY_L.csv
ORIENTELEC,INE142Z01019,True,True,EQ,EQUITY,,False,False,2026-08-21,https://nsearchives.nseindia.com/content/equities/EQUITY_L.csv
ORIENTHOT,INE750A01020,True,True,EQ,EQUITY,,False,False,2026-08-21,https://nsearchives.nseindia.com/content/equities/EQUITY_L.csv
ORIENTPPR,INE592A01026,True,True,EQ,EQUITY,,False,False,2026-08-21,https://nsearchives.nseindia.com/content/equities/EQUITY_L.csv
ORIENTTECH,INE0PPK01015,True,True,EQ,EQUITY,,False,False,2026-08-21,https://nsearchives.nseindia.com/content/equities/EQUITY_L.csv
ORIRAIL,INE457G01029,True,True,EQ,EQUITY,,False,False,2026-08-21,https://nsearchives.nseindia.com/content/equities/EQUITY_L.csv
ORISSAMINE,INE725E01024,True,True,EQ,EQUITY,,False,False,2026-08-21,https://nsearchives.nseindia.com/content/equities/EQUITY_L.csv
ORKLAINDIA,INE16NZ01023,True,True,EQ,EQUITY,,False,False,2026-08-21,https://nsearchives.nseindia.com/content/equities/EQUITY_L.csv
ORTINGLOBE,INE749B01020,True,True,EQ,EQUITY,,False,False,2026-08-21,https://nsearchives.nseindia.com/content/equities/EQUITY_L.csv
OSWALAGRO,INE142A01012,True,True,EQ,EQUITY,,False,False,2026-08-21,https://nsearchives.nseindia.com/content/equities/EQUITY_L.csv
OSWALGREEN,INE143A01010,True,True,EQ,EQUITY,,False,False,2026-08-21,https://nsearchives.nseindia.com/content/equities/EQUITY_L.csv
OSWALPUMPS,INE0BYP01024,True,True,EQ,EQUITY,,False,False,2026-08-21,https://nsearchives.nseindia.com/content/equities/EQUITY_L.csv
OSWALSEEDS,INE00IK01029,True,True,EQ,EQUITY,,False,False,2026-08-21,https://nsearchives.nseindia.com/content/equities/EQUITY_L.csv
PACEDIGITK,INE0S3G01027,True,True,EQ,EQUITY,,False,False,2026-08-21,https://nsearchives.nseindia.com/content/equities/EQUITY_L.csv
PACIFICI,INE883C01025,True,True,EQ,EQUITY,,False,False,2026-08-21,https://nsearchives.nseindia.com/content/equities/EQUITY_L.csv
PAGEIND,INE761H01022,True,True,EQ,EQUITY,,False,False,2026-08-21,https://nsearchives.nseindia.com/content/equities/EQUITY_L.csv
PAISALO,INE420C01059,True,True,EQ,EQUITY,,False,False,2026-08-21,https://nsearchives.nseindia.com/content/equities/EQUITY_L.csv
PAKKA,INE551D01018,True,True,EQ,EQUITY,,False,False,2026-08-21,https://nsearchives.nseindia.com/content/equities/EQUITY_L.csv
PALASHSECU,INE471W01019,True,True,EQ,EQUITY,,False,False,2026-08-21,https://nsearchives.nseindia.com/content/equities/EQUITY_L.csv
PANACEABIO,INE922B01023,True,True,EQ,EQUITY,,False,False,2026-08-21,https://nsearchives.nseindia.com/content/equities/EQUITY_L.csv
PANAMAPET,INE305C01029,True,True,EQ,EQUITY,,False,False,2026-08-21,https://nsearchives.nseindia.com/content/equities/EQUITY_L.csv
PANCHMAHQ,INE798F01010,True,True,EQ,EQUITY,,False,False,2026-08-21,https://nsearchives.nseindia.com/content/equities/EQUITY_L.csv
PANORAMA,INE258R01028,True,True,EQ,EQUITY,,False,False,2026-08-21,https://nsearchives.nseindia.com/content/equities/EQUITY_L.csv
PANSARI,INE697V01011,True,True,EQ,EQUITY,,False,False,2026-08-21,https://nsearchives.nseindia.com/content/equities/EQUITY_L.csv
PAR,INE04LG01015,True,True,EQ,EQUITY,,False,False,2026-08-21,https://nsearchives.nseindia.com/content/equities/EQUITY_L.csv
PARACABLES,INE074B01023,True,True,EQ,EQUITY,,False,False,2026-08-21,https://nsearchives.nseindia.com/content/equities/EQUITY_L.csv
PARADEEP,INE088F01024,True,True,EQ,EQUITY,,False,False,2026-08-21,https://nsearchives.nseindia.com/content/equities/EQUITY_L.csv
PARAGMILK,INE883N01014,True,True,EQ,EQUITY,,False,False,2026-08-21,https://nsearchives.nseindia.com/content/equities/EQUITY_L.csv
PARAS,INE045601023,True,True,EQ,EQUITY,,False,False,2026-08-21,https://nsearchives.nseindia.com/content/equities/EQUITY_L.csv
PARASPETRO,INE162C01024,True,True,EQ,EQUITY,,False,False,2026-08-21,https://nsearchives.nseindia.com/content/equities/EQUITY_L.csv
PARKHOSPS,INE119201023,True,True,EQ,EQUITY,,False,False,2026-08-21,https://nsearchives.nseindia.com/content/equities/EQUITY_L.csv
PARKHOTELS,INE988S01028,True,True,EQ,EQUITY,,False,False,2026-08-21,https://nsearchives.nseindia.com/content/equities/EQUITY_L.csv
PARNAXLAB,INE383L01019,True,True,EQ,EQUITY,,False,False,2026-08-21,https://nsearchives.nseindia.com/content/equities/EQUITY_L.csv
PASHUPATI,INE124Y01028,True,True,EQ,EQUITY,,False,False,2026-08-21,https://nsearchives.nseindia.com/content/equities/EQUITY_L.csv
PATANJALI,INE619A01035,True,True,EQ,EQUITY,,False,False,2026-08-21,https://nsearchives.nseindia.com/content/equities/EQUITY_L.csv
PATELENG,INE244B01030,True,True,EQ,EQUITY,,False,False,2026-08-21,https://nsearchives.nseindia.com/content/equities/EQUITY_L.csv
PATELRMART,INE0R8B01010,True,True,EQ,EQUITY,,False,False,2026-08-21,https://nsearchives.nseindia.com/content/equities/EQUITY_L.csv
PAUSHAKLTD,INE111F01024,True,True,EQ,EQUITY,,False,False,2026-08-21,https://nsearchives.nseindia.com/content/equities/EQUITY_L.csv
PAVNAIND,INE07S101038,True,True,EQ,EQUITY,,False,False,2026-08-21,https://nsearchives.nseindia.com/content/equities/EQUITY_L.csv
PAYTM,INE982J01020,True,True,EQ,EQUITY,,False,False,2026-08-21,https://nsearchives.nseindia.com/content/equities/EQUITY_L.csv
PBMPOLY,INE501F01018,True,True,EQ,EQUITY,,False,False,2026-08-21,https://nsearchives.nseindia.com/content/equities/EQUITY_L.csv
PCBL,INE602A01031,True,True,EQ,EQUITY,,False,False,2026-08-21,https://nsearchives.nseindia.com/content/equities/EQUITY_L.csv
PCJEWELLER,INE785M01021,True,True,EQ,EQUITY,,False,False,2026-08-21,https://nsearchives.nseindia.com/content/equities/EQUITY_L.csv
PDMJEPAPER,INE865T01018,True,True,EQ,EQUITY,,False,False,2026-08-21,https://nsearchives.nseindia.com/content/equities/EQUITY_L.csv
PDSL,INE111Q01021,True,True,EQ,EQUITY,,False,False,2026-08-21,https://nsearchives.nseindia.com/content/equities/EQUITY_L.csv
PEARLPOLY,INE844A01013,True,True,EQ,EQUITY,,False,False,2026-08-21,https://nsearchives.nseindia.com/content/equities/EQUITY_L.csv
PENIND,INE932A01024,True,True,EQ,EQUITY,,False,False,2026-08-21,https://nsearchives.nseindia.com/content/equities/EQUITY_L.csv
PERMAGN,INE418E01018,True,True,EQ,EQUITY,,False,False,2026-08-21,https://nsearchives.nseindia.com/content/equities/EQUITY_L.csv
PERSISTENT,INE262H01021,True,True,EQ,EQUITY,,False,False,2026-08-21,https://nsearchives.nseindia.com/content/equities/EQUITY_L.csv
PETRONET,INE347G01014,True,True,EQ,EQUITY,,False,False,2026-08-21,https://nsearchives.nseindia.com/content/equities/EQUITY_L.csv
PFC,INE134E01011,True,True,EQ,EQUITY,,False,False,2026-08-21,https://nsearchives.nseindia.com/content/equities/EQUITY_L.csv
PFIZER,INE182A01018,True,True,EQ,EQUITY,,False,False,2026-08-21,https://nsearchives.nseindia.com/content/equities/EQUITY_L.csv
PFOCUS,INE367G01038,True,True,EQ,EQUITY,,False,False,2026-08-21,https://nsearchives.nseindia.com/content/equities/EQUITY_L.csv
PFS,INE560K01014,True,True,EQ,EQUITY,,False,False,2026-08-21,https://nsearchives.nseindia.com/content/equities/EQUITY_L.csv
PGEL,INE457L01029,True,True,EQ,EQUITY,,False,False,2026-08-21,https://nsearchives.nseindia.com/content/equities/EQUITY_L.csv
PGHH,INE179A01014,True,True,EQ,EQUITY,,False,False,2026-08-21,https://nsearchives.nseindia.com/content/equities/EQUITY_L.csv
PGHL,INE199A01012,True,True,EQ,EQUITY,,False,False,2026-08-21,https://nsearchives.nseindia.com/content/equities/EQUITY_L.csv
PGIL,INE940H01022,True,True,EQ,EQUITY,,False,False,2026-08-21,https://nsearchives.nseindia.com/content/equities/EQUITY_L.csv
PHOENIXLTD,INE211B01039,True,True,EQ,EQUITY,,False,False,2026-08-21,https://nsearchives.nseindia.com/content/equities/EQUITY_L.csv
PHOENXINTL,INE245B01011,True,True,EQ,EQUITY,,False,False,2026-08-21,https://nsearchives.nseindia.com/content/equities/EQUITY_L.csv
PICCADIL,INE546C01010,True,True,EQ,EQUITY,,False,False,2026-08-21,https://nsearchives.nseindia.com/content/equities/EQUITY_L.csv
PIDILITIND,INE318A01026,True,True,EQ,EQUITY,,False,False,2026-08-21,https://nsearchives.nseindia.com/content/equities/EQUITY_L.csv
PIGL,INE557Z01018,True,True,EQ,EQUITY,,False,False,2026-08-21,https://nsearchives.nseindia.com/content/equities/EQUITY_L.csv
PIIND,INE603J01030,True,True,EQ,EQUITY,,False,False,2026-08-21,https://nsearchives.nseindia.com/content/equities/EQUITY_L.csv
PILANIINVS,INE417C01014,True,True,EQ,EQUITY,,False,False,2026-08-21,https://nsearchives.nseindia.com/content/equities/EQUITY_L.csv
PILITA,INE600A01035,True,True,EQ,EQUITY,,False,False,2026-08-21,https://nsearchives.nseindia.com/content/equities/EQUITY_L.csv
PINELABS,INE15B701018,True,True,EQ,EQUITY,,False,False,2026-08-21,https://nsearchives.nseindia.com/content/equities/EQUITY_L.csv
PIONEEREMB,INE156C01018,True,True,EQ,EQUITY,,False,False,2026-08-21,https://nsearchives.nseindia.com/content/equities/EQUITY_L.csv
PIRAMALFIN,INE202B01038,True,True,EQ,EQUITY,,False,False,2026-08-21,https://nsearchives.nseindia.com/content/equities/EQUITY_L.csv
PITTIENG,INE450D01021,True,True,EQ,EQUITY,,False,False,2026-08-21,https://nsearchives.nseindia.com/content/equities/EQUITY_L.csv
PIXTRANS,INE751B01018,True,True,EQ,EQUITY,,False,False,2026-08-21,https://nsearchives.nseindia.com/content/equities/EQUITY_L.csv
PKTEA,INE431F01018,True,True,EQ,EQUITY,,False,False,2026-08-21,https://nsearchives.nseindia.com/content/equities/EQUITY_L.csv
PLASTIBLEN,INE083C01022,True,True,EQ,EQUITY,,False,False,2026-08-21,https://nsearchives.nseindia.com/content/equities/EQUITY_L.csv
PLATIND,INE0PT501018,True,True,EQ,EQUITY,,False,False,2026-08-21,https://nsearchives.nseindia.com/content/equities/EQUITY_L.csv
PLAZACABLE,INE0INJ01017,True,True,EQ,EQUITY,,False,False,2026-08-21,https://nsearchives.nseindia.com/content/equities/EQUITY_L.csv
PML,INE291E01019,True,True,EQ,EQUITY,,False,False,2026-08-21,https://nsearchives.nseindia.com/content/equities/EQUITY_L.csv
PNB,INE160A01022,True,True,EQ,EQUITY,,False,False,2026-08-21,https://nsearchives.nseindia.com/content/equities/EQUITY_L.csv
PNBGILTS,INE859A01011,True,True,EQ,EQUITY,,False,False,2026-08-21,https://nsearchives.nseindia.com/content/equities/EQUITY_L.csv
PNBHOUSING,INE572E01012,True,True,EQ,EQUITY,,False,False,2026-08-21,https://nsearchives.nseindia.com/content/equities/EQUITY_L.csv
PNC,INE392B01011,True,True,EQ,EQUITY,,False,False,2026-08-21,https://nsearchives.nseindia.com/content/equities/EQUITY_L.csv
PNCINFRA,INE195J01029,True,True,EQ,EQUITY,,False,False,2026-08-21,https://nsearchives.nseindia.com/content/equities/EQUITY_L.csv
PNGJL,INE953R01016,True,True,EQ,EQUITY,,False,False,2026-08-21,https://nsearchives.nseindia.com/content/equities/EQUITY_L.csv
PNGSREVA,INE1RDG01013,True,True,EQ,EQUITY,,False,False,2026-08-21,https://nsearchives.nseindia.com/content/equities/EQUITY_L.csv
POCL,INE063E01061,True,True,EQ,EQUITY,,False,False,2026-08-21,https://nsearchives.nseindia.com/content/equities/EQUITY_L.csv
PODDARMENT,INE371C01013,True,True,EQ,EQUITY,,False,False,2026-08-21,https://nsearchives.nseindia.com/content/equities/EQUITY_L.csv
POEL,INE035S01028,True,True,EQ,EQUITY,,False,False,2026-08-21,https://nsearchives.nseindia.com/content/equities/EQUITY_L.csv
POKARNA,INE637C01025,True,True,EQ,EQUITY,,False,False,2026-08-21,https://nsearchives.nseindia.com/content/equities/EQUITY_L.csv
POLICYBZR,INE417T01026,True,True,EQ,EQUITY,,False,False,2026-08-21,https://nsearchives.nseindia.com/content/equities/EQUITY_L.csv
POLYCAB,INE455K01017,True,True,EQ,EQUITY,,False,False,2026-08-21,https://nsearchives.nseindia.com/content/equities/EQUITY_L.csv
POLYMED,INE205C01021,True,True,EQ,EQUITY,,False,False,2026-08-21,https://nsearchives.nseindia.com/content/equities/EQUITY_L.csv
POLYPLEX,INE633B01018,True,True,EQ,EQUITY,,False,False,2026-08-21,https://nsearchives.nseindia.com/content/equities/EQUITY_L.csv
POLYSPIN,INE914G01029,True,True,EQ,EQUITY,,False,False,2026-08-21,https://nsearchives.nseindia.com/content/equities/EQUITY_L.csv
PONNIERODE,INE838E01017,True,True,EQ,EQUITY,,False,False,2026-08-21,https://nsearchives.nseindia.com/content/equities/EQUITY_L.csv
POONAWALLA,INE511C01022,True,True,EQ,EQUITY,,False,False,2026-08-21,https://nsearchives.nseindia.com/content/equities/EQUITY_L.csv
POWERGRID,INE752E01010,True,True,EQ,EQUITY,,False,False,2026-08-21,https://nsearchives.nseindia.com/content/equities/EQUITY_L.csv
POWERICA,INE921L01032,True,True,EQ,EQUITY,,False,False,2026-08-21,https://nsearchives.nseindia.com/content/equities/EQUITY_L.csv
POWERINDIA,INE07Y701011,True,True,EQ,EQUITY,,False,False,2026-08-21,https://nsearchives.nseindia.com/content/equities/EQUITY_L.csv
POWERMECH,INE211R01019,True,True,EQ,EQUITY,,False,False,2026-08-21,https://nsearchives.nseindia.com/content/equities/EQUITY_L.csv
PPLPHARMA,INE0DK501011,True,True,EQ,EQUITY,,False,False,2026-08-21,https://nsearchives.nseindia.com/content/equities/EQUITY_L.csv
PRABHA,INE0I0M01023,True,True,EQ,EQUITY,,False,False,2026-08-21,https://nsearchives.nseindia.com/content/equities/EQUITY_L.csv
PRAENG,INE505C01016,True,True,EQ,EQUITY,,False,False,2026-08-21,https://nsearchives.nseindia.com/content/equities/EQUITY_L.csv
PRAJIND,INE074A01025,True,True,EQ,EQUITY,,False,False,2026-08-21,https://nsearchives.nseindia.com/content/equities/EQUITY_L.csv
PRAKASH,INE603A01013,True,True,EQ,EQUITY,,False,False,2026-08-21,https://nsearchives.nseindia.com/content/equities/EQUITY_L.csv
PRAKASHSTL,INE696K01024,True,True,EQ,EQUITY,,False,False,2026-08-21,https://nsearchives.nseindia.com/content/equities/EQUITY_L.csv
PRAVEG,INE722B01019,True,True,EQ,EQUITY,,False,False,2026-08-21,https://nsearchives.nseindia.com/content/equities/EQUITY_L.csv
PRAXIS,INE546Y01022,True,True,EQ,EQUITY,,False,False,2026-08-21,https://nsearchives.nseindia.com/content/equities/EQUITY_L.csv
PRECAM,INE484I01029,True,True,EQ,EQUITY,,False,False,2026-08-21,https://nsearchives.nseindia.com/content/equities/EQUITY_L.csv
PRECOT,INE283A01014,True,True,EQ,EQUITY,,False,False,2026-08-21,https://nsearchives.nseindia.com/content/equities/EQUITY_L.csv
PRECWIRE,INE372C01037,True,True,EQ,EQUITY,,False,False,2026-08-21,https://nsearchives.nseindia.com/content/equities/EQUITY_L.csv
PREMCO,INE001E01012,True,True,EQ,EQUITY,,False,False,2026-08-21,https://nsearchives.nseindia.com/content/equities/EQUITY_L.csv
PREMEXPLN,INE863B01029,True,True,EQ,EQUITY,,False,False,2026-08-21,https://nsearchives.nseindia.com/content/equities/EQUITY_L.csv
PREMIERENE,INE0BS701011,True,True,EQ,EQUITY,,False,False,2026-08-21,https://nsearchives.nseindia.com/content/equities/EQUITY_L.csv
PREMIERPOL,INE309M01020,True,True,EQ,EQUITY,,False,False,2026-08-21,https://nsearchives.nseindia.com/content/equities/EQUITY_L.csv
PRESTIGE,INE811K01011,True,True,EQ,EQUITY,,False,False,2026-08-21,https://nsearchives.nseindia.com/content/equities/EQUITY_L.csv
PRICOLLTD,INE726V01018,True,True,EQ,EQUITY,,False,False,2026-08-21,https://nsearchives.nseindia.com/content/equities/EQUITY_L.csv
PRIMESECU,INE032B01021,True,True,EQ,EQUITY,,False,False,2026-08-21,https://nsearchives.nseindia.com/content/equities/EQUITY_L.csv
PRIMO,INE607A01022,True,True,EQ,EQUITY,,False,False,2026-08-21,https://nsearchives.nseindia.com/content/equities/EQUITY_L.csv
PRINCEPIPE,INE689W01016,True,True,EQ,EQUITY,,False,False,2026-08-21,https://nsearchives.nseindia.com/content/equities/EQUITY_L.csv
PRISMX,INE286N01028,True,True,EQ,EQUITY,,False,False,2026-08-21,https://nsearchives.nseindia.com/content/equities/EQUITY_L.csv
PRIVISCL,INE959A01019,True,True,EQ,EQUITY,,False,False,2026-08-21,https://nsearchives.nseindia.com/content/equities/EQUITY_L.csv
PROSTARM,INE0BX301013,True,True,EQ,EQUITY,,False,False,2026-08-21,https://nsearchives.nseindia.com/content/equities/EQUITY_L.csv
PROTEAN,INE004A01022,True,True,EQ,EQUITY,,False,False,2026-08-21,https://nsearchives.nseindia.com/content/equities/EQUITY_L.csv
PROZONER,INE195N01013,True,True,EQ,EQUITY,,False,False,2026-08-21,https://nsearchives.nseindia.com/content/equities/EQUITY_L.csv
PRSMJOHNSN,INE010A01011,True,True,EQ,EQUITY,,False,False,2026-08-21,https://nsearchives.nseindia.com/content/equities/EQUITY_L.csv
PRUDENT,INE00F201020,True,True,EQ,EQUITY,,False,False,2026-08-21,https://nsearchives.nseindia.com/content/equities/EQUITY_L.csv
PSB,INE608A01012,True,True,EQ,EQUITY,,False,False,2026-08-21,https://nsearchives.nseindia.com/content/equities/EQUITY_L.csv
PSPPROJECT,INE488V01015,True,True,EQ,EQUITY,,False,False,2026-08-21,https://nsearchives.nseindia.com/content/equities/EQUITY_L.csv
PTC,INE877F01012,True,True,EQ,EQUITY,,False,False,2026-08-21,https://nsearchives.nseindia.com/content/equities/EQUITY_L.csv
PTCIL,INE596F01018,True,True,EQ,EQUITY,,False,False,2026-08-21,https://nsearchives.nseindia.com/content/equities/EQUITY_L.csv
PTL,INE034D01049,True,True,EQ,EQUITY,,False,False,2026-08-21,https://nsearchives.nseindia.com/content/equities/EQUITY_L.csv
PUNJABCHEM,INE277B01014,True,True,EQ,EQUITY,,False,False,2026-08-21,https://nsearchives.nseindia.com/content/equities/EQUITY_L.csv
PURVA,INE323I01011,True,True,EQ,EQUITY,,False,False,2026-08-21,https://nsearchives.nseindia.com/content/equities/EQUITY_L.csv
PVP,INE362A01016,True,True,EQ,EQUITY,,False,False,2026-08-21,https://nsearchives.nseindia.com/content/equities/EQUITY_L.csv
PVRINOX,INE191H01014,True,True,EQ,EQUITY,,False,False,2026-08-21,https://nsearchives.nseindia.com/content/equities/EQUITY_L.csv
PVSL,INE772T01024,True,True,EQ,EQUITY,,False,False,2026-08-21,https://nsearchives.nseindia.com/content/equities/EQUITY_L.csv
PWL,INE0LP301011,True,True,EQ,EQUITY,,False,False,2026-08-21,https://nsearchives.nseindia.com/content/equities/EQUITY_L.csv
PYRAMID,INE0MIS01010,True,True,EQ,EQUITY,,False,False,2026-08-21,https://nsearchives.nseindia.com/content/equities/EQUITY_L.csv
QPOWER,INE0SII01026,True,True,EQ,EQUITY,,False,False,2026-08-21,https://nsearchives.nseindia.com/content/equities/EQUITY_L.csv
QUADFUTURE,INE0LRY01011,True,True,EQ,EQUITY,,False,False,2026-08-21,https://nsearchives.nseindia.com/content/equities/EQUITY_L.csv
QUESS,INE615P01015,True,True,EQ,EQUITY,,False,False,2026-08-21,https://nsearchives.nseindia.com/content/equities/EQUITY_L.csv
QUINT,INE641R01017,True,True,EQ,EQUITY,,False,False,2026-08-21,https://nsearchives.nseindia.com/content/equities/EQUITY_L.csv
RACE,INE084Q01012,True,True,EQ,EQUITY,,False,False,2026-08-21,https://nsearchives.nseindia.com/content/equities/EQUITY_L.csv
RACLGEAR,INE704B01017,True,True,EQ,EQUITY,,False,False,2026-08-21,https://nsearchives.nseindia.com/content/equities/EQUITY_L.csv
RADAAN,INE874F01027,True,True,EQ,EQUITY,,False,False,2026-08-21,https://nsearchives.nseindia.com/content/equities/EQUITY_L.csv
RADHIKAJWE,INE583V01021,True,True,EQ,EQUITY,,False,False,2026-08-21,https://nsearchives.nseindia.com/content/equities/EQUITY_L.csv
RADIANTCMS,INE855R01021,True,True,EQ,EQUITY,,False,False,2026-08-21,https://nsearchives.nseindia.com/content/equities/EQUITY_L.csv
RADICO,INE944F01028,True,True,EQ,EQUITY,,False,False,2026-08-21,https://nsearchives.nseindia.com/content/equities/EQUITY_L.csv
RADIOCITY,INE919I01024,True,True,EQ,EQUITY,,False,False,2026-08-21,https://nsearchives.nseindia.com/content/equities/EQUITY_L.csv
RAILTEL,INE0DD101019,True,True,EQ,EQUITY,,False,False,2026-08-21,https://nsearchives.nseindia.com/content/equities/EQUITY_L.csv
RAIN,INE855B01025,True,True,EQ,EQUITY,,False,False,2026-08-21,https://nsearchives.nseindia.com/content/equities/EQUITY_L.csv
RAINBOW,INE961O01016,True,True,EQ,EQUITY,,False,False,2026-08-21,https://nsearchives.nseindia.com/content/equities/EQUITY_L.csv
RAJMET,INE00KV01022,True,True,EQ,EQUITY,,False,False,2026-08-21,https://nsearchives.nseindia.com/content/equities/EQUITY_L.csv
RAJPALAYAM,INE296E01026,True,True,EQ,EQUITY,,False,False,2026-08-21,https://nsearchives.nseindia.com/content/equities/EQUITY_L.csv
RAJRATAN,INE451D01029,True,True,EQ,EQUITY,,False,False,2026-08-21,https://nsearchives.nseindia.com/content/equities/EQUITY_L.csv
RAJSREESUG,INE562B01019,True,True,EQ,EQUITY,,False,False,2026-08-21,https://nsearchives.nseindia.com/content/equities/EQUITY_L.csv
RAJTV,INE952H01027,True,True,EQ,EQUITY,,False,False,2026-08-21,https://nsearchives.nseindia.com/content/equities/EQUITY_L.csv
RALLIS,INE613A01020,True,True,EQ,EQUITY,,False,False,2026-08-21,https://nsearchives.nseindia.com/content/equities/EQUITY_L.csv
RAMANEWS,INE278B01020,True,True,EQ,EQUITY,,False,False,2026-08-21,https://nsearchives.nseindia.com/content/equities/EQUITY_L.csv
RAMAPHO,INE809A01032,True,True,EQ,EQUITY,,False,False,2026-08-21,https://nsearchives.nseindia.com/content/equities/EQUITY_L.csv
RAMBHAJO,INE1SJO01012,True,True,EQ,EQUITY,,False,False,2026-08-21,https://nsearchives.nseindia.com/content/equities/EQUITY_L.csv
RAMCOCEM,INE331A01037,True,True,EQ,EQUITY,,False,False,2026-08-21,https://nsearchives.nseindia.com/content/equities/EQUITY_L.csv
RAMCOIND,INE614A01028,True,True,EQ,EQUITY,,False,False,2026-08-21,https://nsearchives.nseindia.com/content/equities/EQUITY_L.csv
RAMCOSYS,INE246B01019,True,True,EQ,EQUITY,,False,False,2026-08-21,https://nsearchives.nseindia.com/content/equities/EQUITY_L.csv
RAMKY,INE874I01013,True,True,EQ,EQUITY,,False,False,2026-08-21,https://nsearchives.nseindia.com/content/equities/EQUITY_L.csv
RAMRAT,INE207E01023,True,True,EQ,EQUITY,,False,False,2026-08-21,https://nsearchives.nseindia.com/content/equities/EQUITY_L.csv
RANASUG,INE625B01014,True,True,EQ,EQUITY,,False,False,2026-08-21,https://nsearchives.nseindia.com/content/equities/EQUITY_L.csv
RANEHOLDIN,INE384A01010,True,True,EQ,EQUITY,,False,False,2026-08-21,https://nsearchives.nseindia.com/content/equities/EQUITY_L.csv
RATEGAIN,INE0CLI01024,True,True,EQ,EQUITY,,False,False,2026-08-21,https://nsearchives.nseindia.com/content/equities/EQUITY_L.csv
RATNAMANI,INE703B01027,True,True,EQ,EQUITY,,False,False,2026-08-21,https://nsearchives.nseindia.com/content/equities/EQUITY_L.csv
RATNAVEER,INE05CZ01011,True,True,EQ,EQUITY,,False,False,2026-08-21,https://nsearchives.nseindia.com/content/equities/EQUITY_L.csv
RAYMOND,INE301A01014,True,True,EQ,EQUITY,,False,False,2026-08-21,https://nsearchives.nseindia.com/content/equities/EQUITY_L.csv
RAYMONDLSL,INE02ID01020,True,True,EQ,EQUITY,,False,False,2026-08-21,https://nsearchives.nseindia.com/content/equities/EQUITY_L.csv
RAYMONDREL,INE1SY401010,True,True,EQ,EQUITY,,False,False,2026-08-21,https://nsearchives.nseindia.com/content/equities/EQUITY_L.csv
RBA,INE07T201019,True,True,EQ,EQUITY,,False,False,2026-08-21,https://nsearchives.nseindia.com/content/equities/EQUITY_L.csv
RBLBANK,INE976G01028,True,True,EQ,EQUITY,,False,False,2026-08-21,https://nsearchives.nseindia.com/content/equities/EQUITY_L.csv
RBZJEWEL,INE0PEQ01016,True,True,EQ,EQUITY,,False,False,2026-08-21,https://nsearchives.nseindia.com/content/equities/EQUITY_L.csv
RCF,INE027A01015,True,True,EQ,EQUITY,,False,False,2026-08-21,https://nsearchives.nseindia.com/content/equities/EQUITY_L.csv
RECLTD,INE020B01018,True,True,EQ,EQUITY,,False,False,2026-08-21,https://nsearchives.nseindia.com/content/equities/EQUITY_L.csv
REDINGTON,INE891D01026,True,True,EQ,EQUITY,,False,False,2026-08-21,https://nsearchives.nseindia.com/content/equities/EQUITY_L.csv
REDTAPE,INE0LXT01019,True,True,EQ,EQUITY,,False,False,2026-08-21,https://nsearchives.nseindia.com/content/equities/EQUITY_L.csv
REFEX,INE056I01025,True,True,EQ,EQUITY,,False,False,2026-08-21,https://nsearchives.nseindia.com/content/equities/EQUITY_L.csv
REGAAL,INE0MHO01029,True,True,EQ,EQUITY,,False,False,2026-08-21,https://nsearchives.nseindia.com/content/equities/EQUITY_L.csv
REGENCERAM,INE277C01012,True,True,EQ,EQUITY,,False,False,2026-08-21,https://nsearchives.nseindia.com/content/equities/EQUITY_L.csv
RELAXO,INE131B01039,True,True,EQ,EQUITY,,False,False,2026-08-21,https://nsearchives.nseindia.com/content/equities/EQUITY_L.csv
RELCHEMQ,INE750D01016,True,True,EQ,EQUITY,,False,False,2026-08-21,https://nsearchives.nseindia.com/content/equities/EQUITY_L.csv
RELIABLE,INE375Y01018,True,True,EQ,EQUITY,,False,False,2026-08-21,https://nsearchives.nseindia.com/content/equities/EQUITY_L.csv
RELIANCE,INE002A01018,True,True,EQ,EQUITY,,False,False,2026-08-21,https://nsearchives.nseindia.com/content/equities/EQUITY_L.csv
RELIGARE,INE621H01010,True,True,EQ,EQUITY,,False,False,2026-08-21,https://nsearchives.nseindia.com/content/equities/EQUITY_L.csv
RELTD,INE206N01018,True,True,EQ,EQUITY,,False,False,2026-08-21,https://nsearchives.nseindia.com/content/equities/EQUITY_L.csv
REMSONSIND,INE474C01023,True,True,EQ,EQUITY,,False,False,2026-08-21,https://nsearchives.nseindia.com/content/equities/EQUITY_L.csv
RENUKA,INE087H01022,True,True,EQ,EQUITY,,False,False,2026-08-21,https://nsearchives.nseindia.com/content/equities/EQUITY_L.csv
REPCOHOME,INE612J01015,True,True,EQ,EQUITY,,False,False,2026-08-21,https://nsearchives.nseindia.com/content/equities/EQUITY_L.csv
REPRO,INE461B01014,True,True,EQ,EQUITY,,False,False,2026-08-21,https://nsearchives.nseindia.com/content/equities/EQUITY_L.csv
RESPONIND,INE688D01026,True,True,EQ,EQUITY,,False,False,2026-08-21,https://nsearchives.nseindia.com/content/equities/EQUITY_L.csv
RETAIL,INE03DD01011,True,True,EQ,EQUITY,,False,False,2026-08-21,https://nsearchives.nseindia.com/content/equities/EQUITY_L.csv
RGL,INE722H01024,True,True,EQ,EQUITY,,False,False,2026-08-21,https://nsearchives.nseindia.com/content/equities/EQUITY_L.csv
RHETAN,INE0KKN01029,True,True,EQ,EQUITY,,False,False,2026-08-21,https://nsearchives.nseindia.com/content/equities/EQUITY_L.csv
RHIM,INE743M01012,True,True,EQ,EQUITY,,False,False,2026-08-21,https://nsearchives.nseindia.com/content/equities/EQUITY_L.csv
RHL,INE508K01013,True,True,EQ,EQUITY,,False,False,2026-08-21,https://nsearchives.nseindia.com/content/equities/EQUITY_L.csv
RICOAUTO,INE209B01025,True,True,EQ,EQUITY,,False,False,2026-08-21,https://nsearchives.nseindia.com/content/equities/EQUITY_L.csv
RIIL,INE046A01015,True,True,EQ,EQUITY,,False,False,2026-08-21,https://nsearchives.nseindia.com/content/equities/EQUITY_L.csv
RIR,INE302D01024,True,True,EQ,EQUITY,,False,False,2026-08-21,https://nsearchives.nseindia.com/content/equities/EQUITY_L.csv
RISHABH,INE0N2P01017,True,True,EQ,EQUITY,,False,False,2026-08-21,https://nsearchives.nseindia.com/content/equities/EQUITY_L.csv
RITCO,INE01EG01016,True,True,EQ,EQUITY,,False,False,2026-08-21,https://nsearchives.nseindia.com/content/equities/EQUITY_L.csv
RITES,INE320J01015,True,True,EQ,EQUITY,,False,False,2026-08-21,https://nsearchives.nseindia.com/content/equities/EQUITY_L.csv
RKDL,INE722J01012,True,True,EQ,EQUITY,,False,False,2026-08-21,https://nsearchives.nseindia.com/content/equities/EQUITY_L.csv
RKEC,INE786W01010,True,True,EQ,EQUITY,,False,False,2026-08-21,https://nsearchives.nseindia.com/content/equities/EQUITY_L.csv
RKFORGE,INE399G01023,True,True,EQ,EQUITY,,False,False,2026-08-21,https://nsearchives.nseindia.com/content/equities/EQUITY_L.csv
RKSWAMY,INE0NQ801033,True,True,EQ,EQUITY,,False,False,2026-08-21,https://nsearchives.nseindia.com/content/equities/EQUITY_L.csv
RMC,INE655V01019,True,True,EQ,EQUITY,,False,False,2026-08-21,https://nsearchives.nseindia.com/content/equities/EQUITY_L.csv
RML,INE050H01012,True,True,EQ,EQUITY,,False,False,2026-08-21,https://nsearchives.nseindia.com/content/equities/EQUITY_L.csv
RNBDENIMS,INE012Q01039,True,True,EQ,EQUITY,,False,False,2026-08-21,https://nsearchives.nseindia.com/content/equities/EQUITY_L.csv
ROHLTD,INE283H01019,True,True,EQ,EQUITY,,False,False,2026-08-21,https://nsearchives.nseindia.com/content/equities/EQUITY_L.csv
ROLEXRINGS,INE645S01024,True,True,EQ,EQUITY,,False,False,2026-08-21,https://nsearchives.nseindia.com/content/equities/EQUITY_L.csv
ROML,INE294G01026,True,True,EQ,EQUITY,,False,False,2026-08-21,https://nsearchives.nseindia.com/content/equities/EQUITY_L.csv
ROSSARI,INE02A801020,True,True,EQ,EQUITY,,False,False,2026-08-21,https://nsearchives.nseindia.com/content/equities/EQUITY_L.csv
ROSSELLIND,INE847C01020,True,True,EQ,EQUITY,,False,False,2026-08-21,https://nsearchives.nseindia.com/content/equities/EQUITY_L.csv
ROSSTECH,INE0OJW01016,True,True,EQ,EQUITY,,False,False,2026-08-21,https://nsearchives.nseindia.com/content/equities/EQUITY_L.csv
ROTO,INE535D01037,True,True,EQ,EQUITY,,False,False,2026-08-21,https://nsearchives.nseindia.com/content/equities/EQUITY_L.csv
ROUTE,INE450U01017,True,True,EQ,EQUITY,,False,False,2026-08-21,https://nsearchives.nseindia.com/content/equities/EQUITY_L.csv
RPEL,INE912T01018,True,True,EQ,EQUITY,,False,False,2026-08-21,https://nsearchives.nseindia.com/content/equities/EQUITY_L.csv
RPGLIFE,INE105J01010,True,True,EQ,EQUITY,,False,False,2026-08-21,https://nsearchives.nseindia.com/content/equities/EQUITY_L.csv
RPOWER,INE614G01033,True,True,EQ,EQUITY,,False,False,2026-08-21,https://nsearchives.nseindia.com/content/equities/EQUITY_L.csv
RPPINFRA,INE324L01013,True,True,EQ,EQUITY,,False,False,2026-08-21,https://nsearchives.nseindia.com/content/equities/EQUITY_L.csv
RPSGVENT,INE425Y01011,True,True,EQ,EQUITY,,False,False,2026-08-21,https://nsearchives.nseindia.com/content/equities/EQUITY_L.csv
RPTECH,INE0J1F01024,True,True,EQ,EQUITY,,False,False,2026-08-21,https://nsearchives.nseindia.com/content/equities/EQUITY_L.csv
RRECL,INE0AK901016,True,True,EQ,EQUITY,,False,False,2026-08-21,https://nsearchives.nseindia.com/content/equities/EQUITY_L.csv
RRIL,INE951M01037,True,True,EQ,EQUITY,,False,False,2026-08-21,https://nsearchives.nseindia.com/content/equities/EQUITY_L.csv
RRKABEL,INE777K01022,True,True,EQ,EQUITY,,False,False,2026-08-21,https://nsearchives.nseindia.com/content/equities/EQUITY_L.csv
RSL,INE313L01016,True,True,EQ,EQUITY,,False,False,2026-08-21,https://nsearchives.nseindia.com/content/equities/EQUITY_L.csv
RSSOFTWARE,INE165B01029,True,True,EQ,EQUITY,,False,False,2026-08-21,https://nsearchives.nseindia.com/content/equities/EQUITY_L.csv
RSYSTEMS,INE411H01032,True,True,EQ,EQUITY,,False,False,2026-08-21,https://nsearchives.nseindia.com/content/equities/EQUITY_L.csv
RTNINDIA,INE834M01019,True,True,EQ,EQUITY,,False,False,2026-08-21,https://nsearchives.nseindia.com/content/equities/EQUITY_L.csv
RTNPOWER,INE399K01017,True,True,EQ,EQUITY,,False,False,2026-08-21,https://nsearchives.nseindia.com/content/equities/EQUITY_L.csv
RTSPOWR,INE005C01017,True,True,EQ,EQUITY,,False,False,2026-08-21,https://nsearchives.nseindia.com/content/equities/EQUITY_L.csv
RUBFILA,INE642C01025,True,True,EQ,EQUITY,,False,False,2026-08-21,https://nsearchives.nseindia.com/content/equities/EQUITY_L.csv
RUBICON,INE506V01022,True,True,EQ,EQUITY,,False,False,2026-08-21,https://nsearchives.nseindia.com/content/equities/EQUITY_L.csv
RUCHINFRA,INE413B01023,True,True,EQ,EQUITY,,False,False,2026-08-21,https://nsearchives.nseindia.com/content/equities/EQUITY_L.csv
RUCHIRA,INE803H01014,True,True,EQ,EQUITY,,False,False,2026-08-21,https://nsearchives.nseindia.com/content/equities/EQUITY_L.csv
RUDRA,INE027T01023,True,True,EQ,EQUITY,,False,False,2026-08-21,https://nsearchives.nseindia.com/content/equities/EQUITY_L.csv
RUPA,INE895B01021,True,True,EQ,EQUITY,,False,False,2026-08-21,https://nsearchives.nseindia.com/content/equities/EQUITY_L.csv
RUSHIL,INE573K01025,True,True,EQ,EQUITY,,False,False,2026-08-21,https://nsearchives.nseindia.com/content/equities/EQUITY_L.csv
RUSTOMJEE,INE263M01029,True,True,EQ,EQUITY,,False,False,2026-08-21,https://nsearchives.nseindia.com/content/equities/EQUITY_L.csv
RVHL,INE09E501017,True,True,EQ,EQUITY,,False,False,2026-08-21,https://nsearchives.nseindia.com/content/equities/EQUITY_L.csv
RVNL,INE415G01027,True,True,EQ,EQUITY,,False,False,2026-08-21,https://nsearchives.nseindia.com/content/equities/EQUITY_L.csv
RVTH,INE0DAB01012,True,True,EQ,EQUITY,,False,False,2026-08-21,https://nsearchives.nseindia.com/content/equities/EQUITY_L.csv
S&SPOWER,INE902B01017,True,True,EQ,EQUITY,,False,False,2026-08-21,https://nsearchives.nseindia.com/content/equities/EQUITY_L.csv
SAATVIKGL,INE13B501022,True,True,EQ,EQUITY,,False,False,2026-08-21,https://nsearchives.nseindia.com/content/equities/EQUITY_L.csv
SAB,INE137M01017,True,True,EQ,EQUITY,,False,False,2026-08-21,https://nsearchives.nseindia.com/content/equities/EQUITY_L.csv
SADBHAV,INE226H01026,True,True,EQ,EQUITY,,False,False,2026-08-21,https://nsearchives.nseindia.com/content/equities/EQUITY_L.csv
SAFARI,INE429E01023,True,True,EQ,EQUITY,,False,False,2026-08-21,https://nsearchives.nseindia.com/content/equities/EQUITY_L.csv
SAGARDEEP,INE976T01013,True,True,EQ,EQUITY,,False,False,2026-08-21,https://nsearchives.nseindia.com/content/equities/EQUITY_L.csv
SAGCEM,INE229C01021,True,True,EQ,EQUITY,,False,False,2026-08-21,https://nsearchives.nseindia.com/content/equities/EQUITY_L.csv
SAGILITY,INE0W2G01015,True,True,EQ,EQUITY,,False,False,2026-08-21,https://nsearchives.nseindia.com/content/equities/EQUITY_L.csv
SAHLIBHFI,INE861D01011,True,True,EQ,EQUITY,,False,False,2026-08-21,https://nsearchives.nseindia.com/content/equities/EQUITY_L.csv
SAHYADRI,INE280H01015,True,True,EQ,EQUITY,,False,False,2026-08-21,https://nsearchives.nseindia.com/content/equities/EQUITY_L.csv
SAICAPI,INE531X01018,True,True,EQ,EQUITY,,False,False,2026-08-21,https://nsearchives.nseindia.com/content/equities/EQUITY_L.csv
SAIL,INE114A01011,True,True,EQ,EQUITY,,False,False,2026-08-21,https://nsearchives.nseindia.com/content/equities/EQUITY_L.csv
SAILIFE,INE570L01029,True,True,EQ,EQUITY,,False,False,2026-08-21,https://nsearchives.nseindia.com/content/equities/EQUITY_L.csv
SAIPARENT,INE0H9F01037,True,True,EQ,EQUITY,,False,False,2026-08-21,https://nsearchives.nseindia.com/content/equities/EQUITY_L.csv
SAKAR,INE732S01012,True,True,EQ,EQUITY,,False,False,2026-08-21,https://nsearchives.nseindia.com/content/equities/EQUITY_L.csv
SAKHTISUG,INE623A01011,True,True,EQ,EQUITY,,False,False,2026-08-21,https://nsearchives.nseindia.com/content/equities/EQUITY_L.csv
SAKSOFT,INE667G01023,True,True,EQ,EQUITY,,False,False,2026-08-21,https://nsearchives.nseindia.com/content/equities/EQUITY_L.csv
SAKUMA,INE190H01024,True,True,EQ,EQUITY,,False,False,2026-08-21,https://nsearchives.nseindia.com/content/equities/EQUITY_L.csv
SALASAR,INE170V01027,True,True,EQ,EQUITY,,False,False,2026-08-21,https://nsearchives.nseindia.com/content/equities/EQUITY_L.csv
SALONA,INE498E01010,True,True,EQ,EQUITY,,False,False,2026-08-21,https://nsearchives.nseindia.com/content/equities/EQUITY_L.csv
SALSTEEL,INE658G01014,True,True,EQ,EQUITY,,False,False,2026-08-21,https://nsearchives.nseindia.com/content/equities/EQUITY_L.csv
SALZERELEC,INE457F01013,True,True,EQ,EQUITY,,False,False,2026-08-21,https://nsearchives.nseindia.com/content/equities/EQUITY_L.csv
SAMBANDAM,INE304D01012,True,True,EQ,EQUITY,,False,False,2026-08-21,https://nsearchives.nseindia.com/content/equities/EQUITY_L.csv
SAMBHAAV,INE699B01027,True,True,EQ,EQUITY,,False,False,2026-08-21,https://nsearchives.nseindia.com/content/equities/EQUITY_L.csv
SAMBHV,INE12NJ01018,True,True,EQ,EQUITY,,False,False,2026-08-21,https://nsearchives.nseindia.com/content/equities/EQUITY_L.csv
SAMHI,INE08U801020,True,True,EQ,EQUITY,,False,False,2026-08-21,https://nsearchives.nseindia.com/content/equities/EQUITY_L.csv
SAMMAANCAP,INE148I01020,True,True,EQ,EQUITY,,False,False,2026-08-21,https://nsearchives.nseindia.com/content/equities/EQUITY_L.csv
SAMPANN,INE735M01018,True,True,EQ,EQUITY,,False,False,2026-08-21,https://nsearchives.nseindia.com/content/equities/EQUITY_L.csv
SANATHAN,INE0JPD01013,True,True,EQ,EQUITY,,False,False,2026-08-21,https://nsearchives.nseindia.com/content/equities/EQUITY_L.csv
SANDESH,INE583B01015,True,True,EQ,EQUITY,,False,False,2026-08-21,https://nsearchives.nseindia.com/content/equities/EQUITY_L.csv
SANDHAR,INE278H01035,True,True,EQ,EQUITY,,False,False,2026-08-21,https://nsearchives.nseindia.com/content/equities/EQUITY_L.csv
SANDUMA,INE149K01016,True,True,EQ,EQUITY,,False,False,2026-08-21,https://nsearchives.nseindia.com/content/equities/EQUITY_L.csv
SANGAMIND,INE495C01010,True,True,EQ,EQUITY,,False,False,2026-08-21,https://nsearchives.nseindia.com/content/equities/EQUITY_L.csv
SANGHVIMOV,INE989A01032,True,True,EQ,EQUITY,,False,False,2026-08-21,https://nsearchives.nseindia.com/content/equities/EQUITY_L.csv
SANOFI,INE058A01010,True,True,EQ,EQUITY,,False,False,2026-08-21,https://nsearchives.nseindia.com/content/equities/EQUITY_L.csv
SANOFICONR,INE0UOS01011,True,True,EQ,EQUITY,,False,False,2026-08-21,https://nsearchives.nseindia.com/content/equities/EQUITY_L.csv
SANSERA,INE953O01021,True,True,EQ,EQUITY,,False,False,2026-08-21,https://nsearchives.nseindia.com/content/equities/EQUITY_L.csv
SANSTAR,INE08NE01025,True,True,EQ,EQUITY,,False,False,2026-08-21,https://nsearchives.nseindia.com/content/equities/EQUITY_L.csv
SAPPHIRE,INE806T01020,True,True,EQ,EQUITY,,False,False,2026-08-21,https://nsearchives.nseindia.com/content/equities/EQUITY_L.csv
SAPPL,INE185C01017,True,True,EQ,EQUITY,,False,False,2026-08-21,https://nsearchives.nseindia.com/content/equities/EQUITY_L.csv
SARDAEN,INE385C01021,True,True,EQ,EQUITY,,False,False,2026-08-21,https://nsearchives.nseindia.com/content/equities/EQUITY_L.csv
SAREGAMA,INE979A01025,True,True,EQ,EQUITY,,False,False,2026-08-21,https://nsearchives.nseindia.com/content/equities/EQUITY_L.csv
SARLAPOLY,INE453D01025,True,True,EQ,EQUITY,,False,False,2026-08-21,https://nsearchives.nseindia.com/content/equities/EQUITY_L.csv
SARVESHWAR,INE324X01026,True,True,EQ,EQUITY,,False,False,2026-08-21,https://nsearchives.nseindia.com/content/equities/EQUITY_L.csv
SASKEN,INE231F01020,True,True,EQ,EQUITY,,False,False,2026-08-21,https://nsearchives.nseindia.com/content/equities/EQUITY_L.csv
SATIA,INE170E01023,True,True,EQ,EQUITY,,False,False,2026-08-21,https://nsearchives.nseindia.com/content/equities/EQUITY_L.csv
SATIN,INE836B01017,True,True,EQ,EQUITY,,False,False,2026-08-21,https://nsearchives.nseindia.com/content/equities/EQUITY_L.csv
SAURASHCEM,INE626A01014,True,True,EQ,EQUITY,,False,False,2026-08-21,https://nsearchives.nseindia.com/content/equities/EQUITY_L.csv
SAYAJIHOTL,INE318C01014,True,True,EQ,EQUITY,,False,False,2026-08-21,https://nsearchives.nseindia.com/content/equities/EQUITY_L.csv
SAYAJIIND,INE327G01032,True,True,EQ,EQUITY,,False,False,2026-08-21,https://nsearchives.nseindia.com/content/equities/EQUITY_L.csv
SBC,INE04AK01028,True,True,EQ,EQUITY,,False,False,2026-08-21,https://nsearchives.nseindia.com/content/equities/EQUITY_L.csv
SBCL,INE386D01027,True,True,EQ,EQUITY,,False,False,2026-08-21,https://nsearchives.nseindia.com/content/equities/EQUITY_L.csv
SBFC,INE423Y01016,True,True,EQ,EQUITY,,False,False,2026-08-21,https://nsearchives.nseindia.com/content/equities/EQUITY_L.csv
SBGLP,INE05ST01028,True,True,EQ,EQUITY,,False,False,2026-08-21,https://nsearchives.nseindia.com/content/equities/EQUITY_L.csv
SBICARD,INE018E01016,True,True,EQ,EQUITY,,False,False,2026-08-21,https://nsearchives.nseindia.com/content/equities/EQUITY_L.csv
SBIFUNDS,INE640G01020,True,True,EQ,EQUITY,,False,False,2026-08-21,https://nsearchives.nseindia.com/content/equities/EQUITY_L.csv
SBILIFE,INE123W01016,True,True,EQ,EQUITY,,False,False,2026-08-21,https://nsearchives.nseindia.com/content/equities/EQUITY_L.csv
SBIN,INE062A01020,True,True,EQ,EQUITY,,False,False,2026-08-21,https://nsearchives.nseindia.com/content/equities/EQUITY_L.csv
SCHAEFFLER,INE513A01022,True,True,EQ,EQUITY,,False,False,2026-08-21,https://nsearchives.nseindia.com/content/equities/EQUITY_L.csv
SCHAND,INE807K01035,True,True,EQ,EQUITY,,False,False,2026-08-21,https://nsearchives.nseindia.com/content/equities/EQUITY_L.csv
SCHNEIDER,INE839M01018,True,True,EQ,EQUITY,,False,False,2026-08-21,https://nsearchives.nseindia.com/content/equities/EQUITY_L.csv
SCI,INE109A01011,True,True,EQ,EQUITY,,False,False,2026-08-21,https://nsearchives.nseindia.com/content/equities/EQUITY_L.csv
SCILAL,INE0PB301013,True,True,EQ,EQUITY,,False,False,2026-08-21,https://nsearchives.nseindia.com/content/equities/EQUITY_L.csv
SCODATUBES,INE090501011,True,True,EQ,EQUITY,,False,False,2026-08-21,https://nsearchives.nseindia.com/content/equities/EQUITY_L.csv
SCPL,INE501Y01019,True,True,EQ,EQUITY,,False,False,2026-08-21,https://nsearchives.nseindia.com/content/equities/EQUITY_L.csv
SDBL,INE480C01038,True,True,EQ,EQUITY,,False,False,2026-08-21,https://nsearchives.nseindia.com/content/equities/EQUITY_L.csv
SEAMECLTD,INE497B01018,True,True,EQ,EQUITY,,False,False,2026-08-21,https://nsearchives.nseindia.com/content/equities/EQUITY_L.csv
SECMARK,INE0BTM01013,True,True,EQ,EQUITY,,False,False,2026-08-21,https://nsearchives.nseindia.com/content/equities/EQUITY_L.csv
SECURKLOUD,INE650K01021,True,True,EQ,EQUITY,,False,False,2026-08-21,https://nsearchives.nseindia.com/content/equities/EQUITY_L.csv
SEDEMAC,INE00XB01019,True,True,EQ,EQUITY,,False,False,2026-08-21,https://nsearchives.nseindia.com/content/equities/EQUITY_L.csv
SEIL,INE440T01028,True,True,EQ,EQUITY,,False,False,2026-08-21,https://nsearchives.nseindia.com/content/equities/EQUITY_L.csv
SEJALLTD,INE955I01044,True,True,EQ,EQUITY,,False,False,2026-08-21,https://nsearchives.nseindia.com/content/equities/EQUITY_L.csv
SEKURITIND,INE068B01017,True,True,EQ,EQUITY,,False,False,2026-08-21,https://nsearchives.nseindia.com/content/equities/EQUITY_L.csv
SELMC,INE105I01020,True,True,EQ,EQUITY,,False,False,2026-08-21,https://nsearchives.nseindia.com/content/equities/EQUITY_L.csv
SEMAC,INE617A01013,True,True,EQ,EQUITY,,False,False,2026-08-21,https://nsearchives.nseindia.com/content/equities/EQUITY_L.csv
SENCO,INE602W01027,True,True,EQ,EQUITY,,False,False,2026-08-21,https://nsearchives.nseindia.com/content/equities/EQUITY_L.csv
SENORES,INE0RB801010,True,True,EQ,EQUITY,,False,False,2026-08-21,https://nsearchives.nseindia.com/content/equities/EQUITY_L.csv
SEPC,INE964H01014,True,True,EQ,EQUITY,,False,False,2026-08-21,https://nsearchives.nseindia.com/content/equities/EQUITY_L.csv
SERVOTECH,INE782X01033,True,True,EQ,EQUITY,,False,False,2026-08-21,https://nsearchives.nseindia.com/content/equities/EQUITY_L.csv
SESHAPAPER,INE630A01024,True,True,EQ,EQUITY,,False,False,2026-08-21,https://nsearchives.nseindia.com/content/equities/EQUITY_L.csv
SETL,INE0M4D01010,True,True,EQ,EQUITY,,False,False,2026-08-21,https://nsearchives.nseindia.com/content/equities/EQUITY_L.csv
SFL,INE916U01025,True,True,EQ,EQUITY,,False,False,2026-08-21,https://nsearchives.nseindia.com/content/equities/EQUITY_L.csv
SGFIN,INE618R01015,True,True,EQ,EQUITY,,False,False,2026-08-21,https://nsearchives.nseindia.com/content/equities/EQUITY_L.csv
SGIL,INE00QT01015,True,True,EQ,EQUITY,,False,False,2026-08-21,https://nsearchives.nseindia.com/content/equities/EQUITY_L.csv
SGL,INE353H01010,True,True,EQ,EQUITY,,False,False,2026-08-21,https://nsearchives.nseindia.com/content/equities/EQUITY_L.csv
SGLRES,INE967B01028,True,True,EQ,EQUITY,,False,False,2026-08-21,https://nsearchives.nseindia.com/content/equities/EQUITY_L.csv
SGMART,INE385F01024,True,True,EQ,EQUITY,,False,False,2026-08-21,https://nsearchives.nseindia.com/content/equities/EQUITY_L.csv
SGRL,INE414Y01015,True,True,EQ,EQUITY,,False,False,2026-08-21,https://nsearchives.nseindia.com/content/equities/EQUITY_L.csv
SHADOWFAX,INE12UN01015,True,True,EQ,EQUITY,,False,False,2026-08-21,https://nsearchives.nseindia.com/content/equities/EQUITY_L.csv
SHAH,INE482J01021,True,True,EQ,EQUITY,,False,False,2026-08-21,https://nsearchives.nseindia.com/content/equities/EQUITY_L.csv
SHAHALLOYS,INE640C01011,True,True,EQ,EQUITY,,False,False,2026-08-21,https://nsearchives.nseindia.com/content/equities/EQUITY_L.csv
SHAILY,INE151G01028,True,True,EQ,EQUITY,,False,False,2026-08-21,https://nsearchives.nseindia.com/content/equities/EQUITY_L.csv
SHAKTIPUMP,INE908D01010,True,True,EQ,EQUITY,,False,False,2026-08-21,https://nsearchives.nseindia.com/content/equities/EQUITY_L.csv
SHALBY,INE597J01018,True,True,EQ,EQUITY,,False,False,2026-08-21,https://nsearchives.nseindia.com/content/equities/EQUITY_L.csv
SHANKARA,INE274V01019,True,True,EQ,EQUITY,,False,False,2026-08-21,https://nsearchives.nseindia.com/content/equities/EQUITY_L.csv
SHANTI,INE933X01016,True,True,EQ,EQUITY,,False,False,2026-08-21,https://nsearchives.nseindia.com/content/equities/EQUITY_L.csv
SHANTIGEAR,INE631A01022,True,True,EQ,EQUITY,,False,False,2026-08-21,https://nsearchives.nseindia.com/content/equities/EQUITY_L.csv
SHANTIGOLD,INE06ZD01017,True,True,EQ,EQUITY,,False,False,2026-08-21,https://nsearchives.nseindia.com/content/equities/EQUITY_L.csv
SHARDACROP,INE221J01015,True,True,EQ,EQUITY,,False,False,2026-08-21,https://nsearchives.nseindia.com/content/equities/EQUITY_L.csv
SHARDAMOTR,INE597I01028,True,True,EQ,EQUITY,,False,False,2026-08-21,https://nsearchives.nseindia.com/content/equities/EQUITY_L.csv
SHAREINDIA,INE932X01026,True,True,EQ,EQUITY,,False,False,2026-08-21,https://nsearchives.nseindia.com/content/equities/EQUITY_L.csv
SHBAJRG,INE402H01015,True,True,EQ,EQUITY,,False,False,2026-08-21,https://nsearchives.nseindia.com/content/equities/EQUITY_L.csv
SHERVANI,INE011D01013,True,True,EQ,EQUITY,,False,False,2026-08-21,https://nsearchives.nseindia.com/content/equities/EQUITY_L.csv
SHILCTECH,INE024F01011,True,True,EQ,EQUITY,,False,False,2026-08-21,https://nsearchives.nseindia.com/content/equities/EQUITY_L.csv
SHILGRAVQ,INE960A01017,True,True,EQ,EQUITY,,False,False,2026-08-21,https://nsearchives.nseindia.com/content/equities/EQUITY_L.csv
SHILPAMED,INE790G01031,True,True,EQ,EQUITY,,False,False,2026-08-21,https://nsearchives.nseindia.com/content/equities/EQUITY_L.csv
SHINDL,INE220Z01013,True,True,EQ,EQUITY,,False,False,2026-08-21,https://nsearchives.nseindia.com/content/equities/EQUITY_L.csv
SHIPROCKET,INE0FOO01011,True,True,EQ,EQUITY,,False,False,2026-08-21,https://nsearchives.nseindia.com/content/equities/EQUITY_L.csv
SHIVAAGRO,INE960E01019,True,True,EQ,EQUITY,,False,False,2026-08-21,https://nsearchives.nseindia.com/content/equities/EQUITY_L.csv
SHIVACEM,INE555C01029,True,True,EQ,EQUITY,,False,False,2026-08-21,https://nsearchives.nseindia.com/content/equities/EQUITY_L.csv
SHIVAMILLS,INE644Y01017,True,True,EQ,EQUITY,,False,False,2026-08-21,https://nsearchives.nseindia.com/content/equities/EQUITY_L.csv
SHIVATEX,INE705C01020,True,True,EQ,EQUITY,,False,False,2026-08-21,https://nsearchives.nseindia.com/content/equities/EQUITY_L.csv
SHIVAUM,INE719F01016,True,True,EQ,EQUITY,,False,False,2026-08-21,https://nsearchives.nseindia.com/content/equities/EQUITY_L.csv
SHK,INE500L01026,True,True,EQ,EQUITY,,False,False,2026-08-21,https://nsearchives.nseindia.com/content/equities/EQUITY_L.csv
SHOPERSTOP,INE498B01024,True,True,EQ,EQUITY,,False,False,2026-08-21,https://nsearchives.nseindia.com/content/equities/EQUITY_L.csv
SHRADDHA,INE311M01018,True,True,EQ,EQUITY,,False,False,2026-08-21,https://nsearchives.nseindia.com/content/equities/EQUITY_L.csv
SHRADHA,INE715Y01031,True,True,EQ,EQUITY,,False,False,2026-08-21,https://nsearchives.nseindia.com/content/equities/EQUITY_L.csv
SHREDIGCEM,INE232A01011,True,True,EQ,EQUITY,,False,False,2026-08-21,https://nsearchives.nseindia.com/content/equities/EQUITY_L.csv
SHREECEM,INE070A01015,True,True,EQ,EQUITY,,False,False,2026-08-21,https://nsearchives.nseindia.com/content/equities/EQUITY_L.csv
SHREEJISPG,INE1B6101010,True,True,EQ,EQUITY,,False,False,2026-08-21,https://nsearchives.nseindia.com/content/equities/EQUITY_L.csv
SHREEPUSHK,INE712K01011,True,True,EQ,EQUITY,,False,False,2026-08-21,https://nsearchives.nseindia.com/content/equities/EQUITY_L.csv
SHREERAMA,INE879A01019,True,True,EQ,EQUITY,,False,False,2026-08-21,https://nsearchives.nseindia.com/content/equities/EQUITY_L.csv
SHREYANIND,INE231C01019,True,True,EQ,EQUITY,,False,False,2026-08-21,https://nsearchives.nseindia.com/content/equities/EQUITY_L.csv
SHRIKRISH,INE997I01012,True,True,EQ,EQUITY,,False,False,2026-08-21,https://nsearchives.nseindia.com/content/equities/EQUITY_L.csv
SHRINGARMS,INE1B3L01017,True,True,EQ,EQUITY,,False,False,2026-08-21,https://nsearchives.nseindia.com/content/equities/EQUITY_L.csv
SHRIPISTON,INE526E01018,True,True,EQ,EQUITY,,False,False,2026-08-21,https://nsearchives.nseindia.com/content/equities/EQUITY_L.csv
SHRIRAMFIN,INE721A01047,True,True,EQ,EQUITY,,False,False,2026-08-21,https://nsearchives.nseindia.com/content/equities/EQUITY_L.csv
SHRIRAMPPS,INE217L01019,True,True,EQ,EQUITY,,False,False,2026-08-21,https://nsearchives.nseindia.com/content/equities/EQUITY_L.csv
SHRJAGP,INE564J01026,True,True,EQ,EQUITY,,False,False,2026-08-21,https://nsearchives.nseindia.com/content/equities/EQUITY_L.csv
SHUKRAPHAR,INE551C01044,True,True,EQ,EQUITY,,False,False,2026-08-21,https://nsearchives.nseindia.com/content/equities/EQUITY_L.csv
SHYAMMETL,INE810G01011,True,True,EQ,EQUITY,,False,False,2026-08-21,https://nsearchives.nseindia.com/content/equities/EQUITY_L.csv
SHYAMTEL,INE635A01023,True,True,EQ,EQUITY,,False,False,2026-08-21,https://nsearchives.nseindia.com/content/equities/EQUITY_L.csv
SICAGEN,INE176J01011,True,True,EQ,EQUITY,,False,False,2026-08-21,https://nsearchives.nseindia.com/content/equities/EQUITY_L.csv
SIEL,INE843L01012,True,True,EQ,EQUITY,,False,False,2026-08-21,https://nsearchives.nseindia.com/content/equities/EQUITY_L.csv
SIEMENS,INE003A01024,True,True,EQ,EQUITY,,False,False,2026-08-21,https://nsearchives.nseindia.com/content/equities/EQUITY_L.csv
SIGACHI,INE0D0K01022,True,True,EQ,EQUITY,,False,False,2026-08-21,https://nsearchives.nseindia.com/content/equities/EQUITY_L.csv
SIGIND,INE529F01035,True,True,EQ,EQUITY,,False,False,2026-08-21,https://nsearchives.nseindia.com/content/equities/EQUITY_L.csv
SIGMA,INE0A0S01028,True,True,EQ,EQUITY,,False,False,2026-08-21,https://nsearchives.nseindia.com/content/equities/EQUITY_L.csv
SIGMAADV,INE933B01012,True,True,EQ,EQUITY,,False,False,2026-08-21,https://nsearchives.nseindia.com/content/equities/EQUITY_L.csv
SIGNATURE,INE903U01023,True,True,EQ,EQUITY,,False,False,2026-08-21,https://nsearchives.nseindia.com/content/equities/EQUITY_L.csv
SIGNPOST,INE0KGZ01021,True,True,EQ,EQUITY,,False,False,2026-08-21,https://nsearchives.nseindia.com/content/equities/EQUITY_L.csv
SIKA,INE438E01032,True,True,EQ,EQUITY,,False,False,2026-08-21,https://nsearchives.nseindia.com/content/equities/EQUITY_L.csv
SIL,INE173A01025,True,True,EQ,EQUITY,,False,False,2026-08-21,https://nsearchives.nseindia.com/content/equities/EQUITY_L.csv
SILGO,INE01II01013,True,True,EQ,EQUITY,,False,False,2026-08-21,https://nsearchives.nseindia.com/content/equities/EQUITY_L.csv
SILINV,INE923A01015,True,True,EQ,EQUITY,,False,False,2026-08-21,https://nsearchives.nseindia.com/content/equities/EQUITY_L.csv
SILLYMONKS,INE203Y01012,True,True,EQ,EQUITY,,False,False,2026-08-21,https://nsearchives.nseindia.com/content/equities/EQUITY_L.csv
SILVERTUC,INE625X01026,True,True,EQ,EQUITY,,False,False,2026-08-21,https://nsearchives.nseindia.com/content/equities/EQUITY_L.csv
SIMPLEXINF,INE059B01024,True,True,EQ,EQUITY,,False,False,2026-08-21,https://nsearchives.nseindia.com/content/equities/EQUITY_L.csv
SIMPLXREA,INE167H01014,True,True,EQ,EQUITY,,False,False,2026-08-21,https://nsearchives.nseindia.com/content/equities/EQUITY_L.csv
SINCLAIR,INE985A01022,True,True,EQ,EQUITY,,False,False,2026-08-21,https://nsearchives.nseindia.com/content/equities/EQUITY_L.csv
SINDHUTRAD,INE325D01025,True,True,EQ,EQUITY,,False,False,2026-08-21,https://nsearchives.nseindia.com/content/equities/EQUITY_L.csv
SINGERIND,INE638A01035,True,True,EQ,EQUITY,,False,False,2026-08-21,https://nsearchives.nseindia.com/content/equities/EQUITY_L.csv
SINTERCOM,INE129Z01016,True,True,EQ,EQUITY,,False,False,2026-08-21,https://nsearchives.nseindia.com/content/equities/EQUITY_L.csv
SIRCA,INE792Z01011,True,True,EQ,EQUITY,,False,False,2026-08-21,https://nsearchives.nseindia.com/content/equities/EQUITY_L.csv
SIS,INE285J01028,True,True,EQ,EQUITY,,False,False,2026-08-21,https://nsearchives.nseindia.com/content/equities/EQUITY_L.csv
SIYSIL,INE076B01028,True,True,EQ,EQUITY,,False,False,2026-08-21,https://nsearchives.nseindia.com/content/equities/EQUITY_L.csv
SJS,INE284S01014,True,True,EQ,EQUITY,,False,False,2026-08-21,https://nsearchives.nseindia.com/content/equities/EQUITY_L.csv
SJVN,INE002L01015,True,True,EQ,EQUITY,,False,False,2026-08-21,https://nsearchives.nseindia.com/content/equities/EQUITY_L.csv
SKFINDIA,INE640A01023,True,True,EQ,EQUITY,,False,False,2026-08-21,https://nsearchives.nseindia.com/content/equities/EQUITY_L.csv
SKFINDUS,INE2J8701016,True,True,EQ,EQUITY,,False,False,2026-08-21,https://nsearchives.nseindia.com/content/equities/EQUITY_L.csv
SKIPPER,INE439E01022,True,True,EQ,EQUITY,,False,False,2026-08-21,https://nsearchives.nseindia.com/content/equities/EQUITY_L.csv
SKMEGGPROD,INE411D01023,True,True,EQ,EQUITY,,False,False,2026-08-21,https://nsearchives.nseindia.com/content/equities/EQUITY_L.csv
SKYGOLD,INE01IU01018,True,True,EQ,EQUITY,,False,False,2026-08-21,https://nsearchives.nseindia.com/content/equities/EQUITY_L.csv
SMARTWORKS,INE0NAZ01010,True,True,EQ,EQUITY,,False,False,2026-08-21,https://nsearchives.nseindia.com/content/equities/EQUITY_L.csv
SMCGLOBAL,INE103C01036,True,True,EQ,EQUITY,,False,False,2026-08-21,https://nsearchives.nseindia.com/content/equities/EQUITY_L.csv
SMLMAH,INE294B01019,True,True,EQ,EQUITY,,False,False,2026-08-21,https://nsearchives.nseindia.com/content/equities/EQUITY_L.csv
SMLT,INE017W01010,True,True,EQ,EQUITY,,False,False,2026-08-21,https://nsearchives.nseindia.com/content/equities/EQUITY_L.csv
SMSPHARMA,INE812G01025,True,True,EQ,EQUITY,,False,False,2026-08-21,https://nsearchives.nseindia.com/content/equities/EQUITY_L.csv
SNOWMAN,INE734N01019,True,True,EQ,EQUITY,,False,False,2026-08-21,https://nsearchives.nseindia.com/content/equities/EQUITY_L.csv
SOBHA,INE671H01015,True,True,EQ,EQUITY,,False,False,2026-08-21,https://nsearchives.nseindia.com/content/equities/EQUITY_L.csv
SOFTTECH,INE728Z01015,True,True,EQ,EQUITY,,False,False,2026-08-21,https://nsearchives.nseindia.com/content/equities/EQUITY_L.csv
SOLARA,INE624Z01016,True,True,EQ,EQUITY,,False,False,2026-08-21,https://nsearchives.nseindia.com/content/equities/EQUITY_L.csv
SOLARINDS,INE343H01029,True,True,EQ,EQUITY,,False,False,2026-08-21,https://nsearchives.nseindia.com/content/equities/EQUITY_L.csv
SOLARWORLD,INE0TY101024,True,True,EQ,EQUITY,,False,False,2026-08-21,https://nsearchives.nseindia.com/content/equities/EQUITY_L.csv
SOLEX,INE880Y01017,True,True,EQ,EQUITY,,False,False,2026-08-21,https://nsearchives.nseindia.com/content/equities/EQUITY_L.csv
SOMANYCERA,INE355A01028,True,True,EQ,EQUITY,,False,False,2026-08-21,https://nsearchives.nseindia.com/content/equities/EQUITY_L.csv
SOMATEX,INE314C01013,True,True,EQ,EQUITY,,False,False,2026-08-21,https://nsearchives.nseindia.com/content/equities/EQUITY_L.csv
SOMICONVEY,INE323J01019,True,True,EQ,EQUITY,,False,False,2026-08-21,https://nsearchives.nseindia.com/content/equities/EQUITY_L.csv
SONACOMS,INE073K01018,True,True,EQ,EQUITY,,False,False,2026-08-21,https://nsearchives.nseindia.com/content/equities/EQUITY_L.csv
SONAL,INE321M01017,True,True,EQ,EQUITY,,False,False,2026-08-21,https://nsearchives.nseindia.com/content/equities/EQUITY_L.csv
SONAMLTD,INE00LM01029,True,True,EQ,EQUITY,,False,False,2026-08-21,https://nsearchives.nseindia.com/content/equities/EQUITY_L.csv
SONATSOFTW,INE269A01021,True,True,EQ,EQUITY,,False,False,2026-08-21,https://nsearchives.nseindia.com/content/equities/EQUITY_L.csv
SOTL,INE035D01020,True,True,EQ,EQUITY,,False,False,2026-08-21,https://nsearchives.nseindia.com/content/equities/EQUITY_L.csv
SOUTHBANK,INE683A01023,True,True,EQ,EQUITY,,False,False,2026-08-21,https://nsearchives.nseindia.com/content/equities/EQUITY_L.csv
SOUTHWEST,INE980Y01015,True,True,EQ,EQUITY,,False,False,2026-08-21,https://nsearchives.nseindia.com/content/equities/EQUITY_L.csv
SPAL,INE212I01016,True,True,EQ,EQUITY,,False,False,2026-08-21,https://nsearchives.nseindia.com/content/equities/EQUITY_L.csv
SPANDANA,INE572J01011,True,True,EQ,EQUITY,,False,False,2026-08-21,https://nsearchives.nseindia.com/content/equities/EQUITY_L.csv
SPARC,INE232I01014,True,True,EQ,EQUITY,,False,False,2026-08-21,https://nsearchives.nseindia.com/content/equities/EQUITY_L.csv
SPCENET,INE970N01027,True,True,EQ,EQUITY,,False,False,2026-08-21,https://nsearchives.nseindia.com/content/equities/EQUITY_L.csv
SPELS,INE252A01019,True,True,EQ,EQUITY,,False,False,2026-08-21,https://nsearchives.nseindia.com/content/equities/EQUITY_L.csv
SPENCERS,INE020801028,True,True,EQ,EQUITY,,False,False,2026-08-21,https://nsearchives.nseindia.com/content/equities/EQUITY_L.csv
SPIC,INE147A01011,True,True,EQ,EQUITY,,False,False,2026-08-21,https://nsearchives.nseindia.com/content/equities/EQUITY_L.csv
SPLIL,INE978G01016,True,True,EQ,EQUITY,,False,False,2026-08-21,https://nsearchives.nseindia.com/content/equities/EQUITY_L.csv
SPLPETRO,INE663A01033,True,True,EQ,EQUITY,,False,False,2026-08-21,https://nsearchives.nseindia.com/content/equities/EQUITY_L.csv
SPMLINFRA,INE937A01023,True,True,EQ,EQUITY,,False,False,2026-08-21,https://nsearchives.nseindia.com/content/equities/EQUITY_L.csv
SPORTKING,INE885H01029,True,True,EQ,EQUITY,,False,False,2026-08-21,https://nsearchives.nseindia.com/content/equities/EQUITY_L.csv
SRD,INE01NE01012,True,True,EQ,EQUITY,,False,False,2026-08-21,https://nsearchives.nseindia.com/content/equities/EQUITY_L.csv
SREEL,INE099F01013,True,True,EQ,EQUITY,,False,False,2026-08-21,https://nsearchives.nseindia.com/content/equities/EQUITY_L.csv
SRF,INE647A01010,True,True,EQ,EQUITY,,False,False,2026-08-21,https://nsearchives.nseindia.com/content/equities/EQUITY_L.csv
SRGHFL,INE559N01010,True,True,EQ,EQUITY,,False,False,2026-08-21,https://nsearchives.nseindia.com/content/equities/EQUITY_L.csv
SRHHYPOLTD,INE917H01012,True,True,EQ,EQUITY,,False,False,2026-08-21,https://nsearchives.nseindia.com/content/equities/EQUITY_L.csv
SRIKPRIND,INE009C01019,True,True,EQ,EQUITY,,False,False,2026-08-21,https://nsearchives.nseindia.com/content/equities/EQUITY_L.csv
SRM,INE0R6Z01013,True,True,EQ,EQUITY,,False,False,2026-08-21,https://nsearchives.nseindia.com/content/equities/EQUITY_L.csv
SRTL,INE19GK01015,True,True,EQ,EQUITY,,False,False,2026-08-21,https://nsearchives.nseindia.com/content/equities/EQUITY_L.csv
SSDL,INE0PQ101010,True,True,EQ,EQUITY,,False,False,2026-08-21,https://nsearchives.nseindia.com/content/equities/EQUITY_L.csv
SSWL,INE802C01033,True,True,EQ,EQUITY,,False,False,2026-08-21,https://nsearchives.nseindia.com/content/equities/EQUITY_L.csv
STANLEY,INE01A001028,True,True,EQ,EQUITY,,False,False,2026-08-21,https://nsearchives.nseindia.com/content/equities/EQUITY_L.csv
STAR,INE939A01011,True,True,EQ,EQUITY,,False,False,2026-08-21,https://nsearchives.nseindia.com/content/equities/EQUITY_L.csv
STARCEMENT,INE460H01021,True,True,EQ,EQUITY,,False,False,2026-08-21,https://nsearchives.nseindia.com/content/equities/EQUITY_L.csv
STARHEALTH,INE575P01011,True,True,EQ,EQUITY,,False,False,2026-08-21,https://nsearchives.nseindia.com/content/equities/EQUITY_L.csv
STARPAPER,INE733A01018,True,True,EQ,EQUITY,,False,False,2026-08-21,https://nsearchives.nseindia.com/content/equities/EQUITY_L.csv
STARTECK,INE992I01013,True,True,EQ,EQUITY,,False,False,2026-08-21,https://nsearchives.nseindia.com/content/equities/EQUITY_L.csv
STCINDIA,INE655A01013,True,True,EQ,EQUITY,,False,False,2026-08-21,https://nsearchives.nseindia.com/content/equities/EQUITY_L.csv
STEELCAS,INE124E01038,True,True,EQ,EQUITY,,False,False,2026-08-21,https://nsearchives.nseindia.com/content/equities/EQUITY_L.csv
STEELCITY,INE395H01011,True,True,EQ,EQUITY,,False,False,2026-08-21,https://nsearchives.nseindia.com/content/equities/EQUITY_L.csv
STEELXIND,INE503B01021,True,True,EQ,EQUITY,,False,False,2026-08-21,https://nsearchives.nseindia.com/content/equities/EQUITY_L.csv
STEL,INE577L01016,True,True,EQ,EQUITY,,False,False,2026-08-21,https://nsearchives.nseindia.com/content/equities/EQUITY_L.csv
STLNETWORK,INE1VXE01018,True,True,EQ,EQUITY,,False,False,2026-08-21,https://nsearchives.nseindia.com/content/equities/EQUITY_L.csv
STLSTRINF,INE205F01016,True,True,EQ,EQUITY,,False,False,2026-08-21,https://nsearchives.nseindia.com/content/equities/EQUITY_L.csv
STOVEKRAFT,INE00IN01015,True,True,EQ,EQUITY,,False,False,2026-08-21,https://nsearchives.nseindia.com/content/equities/EQUITY_L.csv
STUDDS,INE00Q601028,True,True,EQ,EQUITY,,False,False,2026-08-21,https://nsearchives.nseindia.com/content/equities/EQUITY_L.csv
STYL,INE04VU01023,True,True,EQ,EQUITY,,False,False,2026-08-21,https://nsearchives.nseindia.com/content/equities/EQUITY_L.csv
STYLAMIND,INE239C01020,True,True,EQ,EQUITY,,False,False,2026-08-21,https://nsearchives.nseindia.com/content/equities/EQUITY_L.csv
STYLEBAAZA,INE01FR01028,True,True,EQ,EQUITY,,False,False,2026-08-21,https://nsearchives.nseindia.com/content/equities/EQUITY_L.csv
STYRENIX,INE189B01011,True,True,EQ,EQUITY,,False,False,2026-08-21,https://nsearchives.nseindia.com/content/equities/EQUITY_L.csv
SUBEXLTD,INE754A01055,True,True,EQ,EQUITY,,False,False,2026-08-21,https://nsearchives.nseindia.com/content/equities/EQUITY_L.csv
SUBROS,INE287B01021,True,True,EQ,EQUITY,,False,False,2026-08-21,https://nsearchives.nseindia.com/content/equities/EQUITY_L.csv
SUDARCOLOR,INE492A01029,True,True,EQ,EQUITY,,False,False,2026-08-21,https://nsearchives.nseindia.com/content/equities/EQUITY_L.csv
SUDARSCHEM,INE659A01023,True,True,EQ,EQUITY,,False,False,2026-08-21,https://nsearchives.nseindia.com/content/equities/EQUITY_L.csv
SUDEEPPHRM,INE0QPI01025,True,True,EQ,EQUITY,,False,False,2026-08-21,https://nsearchives.nseindia.com/content/equities/EQUITY_L.csv
SUKHJITS,INE450E01029,True,True,EQ,EQUITY,,False,False,2026-08-21,https://nsearchives.nseindia.com/content/equities/EQUITY_L.csv
SULA,INE142Q01026,True,True,EQ,EQUITY,,False,False,2026-08-21,https://nsearchives.nseindia.com/content/equities/EQUITY_L.csv
SUMEDHA,INE886B01012,True,True,EQ,EQUITY,,False,False,2026-08-21,https://nsearchives.nseindia.com/content/equities/EQUITY_L.csv
SUMEETINDS,INE235C01036,True,True,EQ,EQUITY,,False,False,2026-08-21,https://nsearchives.nseindia.com/content/equities/EQUITY_L.csv
SUMICHEM,INE258G01013,True,True,EQ,EQUITY,,False,False,2026-08-21,https://nsearchives.nseindia.com/content/equities/EQUITY_L.csv
SUMIT,INE748Z01013,True,True,EQ,EQUITY,,False,False,2026-08-21,https://nsearchives.nseindia.com/content/equities/EQUITY_L.csv
SUMMITSEC,INE519C01017,True,True,EQ,EQUITY,,False,False,2026-08-21,https://nsearchives.nseindia.com/content/equities/EQUITY_L.csv
SUNCLAY,INE0Q3R01026,True,True,EQ,EQUITY,,False,False,2026-08-21,https://nsearchives.nseindia.com/content/equities/EQUITY_L.csv
SUNDARAM,INE108E01023,True,True,EQ,EQUITY,,False,False,2026-08-21,https://nsearchives.nseindia.com/content/equities/EQUITY_L.csv
SUNDARMFIN,INE660A01013,True,True,EQ,EQUITY,,False,False,2026-08-21,https://nsearchives.nseindia.com/content/equities/EQUITY_L.csv
SUNDRMFAST,INE387A01021,True,True,EQ,EQUITY,,False,False,2026-08-21,https://nsearchives.nseindia.com/content/equities/EQUITY_L.csv
SUNDROP,INE209A01019,True,True,EQ,EQUITY,,False,False,2026-08-21,https://nsearchives.nseindia.com/content/equities/EQUITY_L.csv
SUNFLAG,INE947A01014,True,True,EQ,EQUITY,,False,False,2026-08-21,https://nsearchives.nseindia.com/content/equities/EQUITY_L.csv
SUNLOC,INE671C01016,True,True,EQ,EQUITY,,False,False,2026-08-21,https://nsearchives.nseindia.com/content/equities/EQUITY_L.csv
SUNPHARMA,INE044A01036,True,True,EQ,EQUITY,,False,False,2026-08-21,https://nsearchives.nseindia.com/content/equities/EQUITY_L.csv
SUNRAKSHAK,INE671K01027,True,True,EQ,EQUITY,,False,False,2026-08-21,https://nsearchives.nseindia.com/content/equities/EQUITY_L.csv
SUNSHIEL,INE199E01014,True,True,EQ,EQUITY,,False,False,2026-08-21,https://nsearchives.nseindia.com/content/equities/EQUITY_L.csv
SUNTECK,INE805D01034,True,True,EQ,EQUITY,,False,False,2026-08-21,https://nsearchives.nseindia.com/content/equities/EQUITY_L.csv
SUNTV,INE424H01027,True,True,EQ,EQUITY,,False,False,2026-08-21,https://nsearchives.nseindia.com/content/equities/EQUITY_L.csv
SUPERHOUSE,INE712B01010,True,True,EQ,EQUITY,,False,False,2026-08-21,https://nsearchives.nseindia.com/content/equities/EQUITY_L.csv
SUPRAJIT,INE399C01030,True,True,EQ,EQUITY,,False,False,2026-08-21,https://nsearchives.nseindia.com/content/equities/EQUITY_L.csv
SUPREME,INE822E01011,True,True,EQ,EQUITY,,False,False,2026-08-21,https://nsearchives.nseindia.com/content/equities/EQUITY_L.csv
SUPREMEIND,INE195A01028,True,True,EQ,EQUITY,,False,False,2026-08-21,https://nsearchives.nseindia.com/content/equities/EQUITY_L.csv
SUPREMEINF,INE550H01011,True,True,EQ,EQUITY,,False,False,2026-08-21,https://nsearchives.nseindia.com/content/equities/EQUITY_L.csv
SUPRIYA,INE07RO01027,True,True,EQ,EQUITY,,False,False,2026-08-21,https://nsearchives.nseindia.com/content/equities/EQUITY_L.csv
SUPTANERY,INE460D01038,True,True,EQ,EQUITY,,False,False,2026-08-21,https://nsearchives.nseindia.com/content/equities/EQUITY_L.csv
SURAJEST,INE843S01025,True,True,EQ,EQUITY,,False,False,2026-08-21,https://nsearchives.nseindia.com/content/equities/EQUITY_L.csv
SURAJLTD,INE713C01016,True,True,EQ,EQUITY,,False,False,2026-08-21,https://nsearchives.nseindia.com/content/equities/EQUITY_L.csv
SURAKSHA,INE877V01027,True,True,EQ,EQUITY,,False,False,2026-08-21,https://nsearchives.nseindia.com/content/equities/EQUITY_L.csv
SURANASOL,INE272L01022,True,True,EQ,EQUITY,,False,False,2026-08-21,https://nsearchives.nseindia.com/content/equities/EQUITY_L.csv
SURANAT&P,INE130B01031,True,True,EQ,EQUITY,,False,False,2026-08-21,https://nsearchives.nseindia.com/content/equities/EQUITY_L.csv
SURYALA,INE132C01027,True,True,EQ,EQUITY,,False,False,2026-08-21,https://nsearchives.nseindia.com/content/equities/EQUITY_L.csv
SURYALAXMI,INE713B01026,True,True,EQ,EQUITY,,False,False,2026-08-21,https://nsearchives.nseindia.com/content/equities/EQUITY_L.csv
SURYAROSNI,INE335A01020,True,True,EQ,EQUITY,,False,False,2026-08-21,https://nsearchives.nseindia.com/content/equities/EQUITY_L.csv
SURYODAY,INE428Q01011,True,True,EQ,EQUITY,,False,False,2026-08-21,https://nsearchives.nseindia.com/content/equities/EQUITY_L.csv
SUVEN,INE495B01038,True,True,EQ,EQUITY,,False,False,2026-08-21,https://nsearchives.nseindia.com/content/equities/EQUITY_L.csv
SUVIDHAA,INE018401013,True,True,EQ,EQUITY,,False,False,2026-08-21,https://nsearchives.nseindia.com/content/equities/EQUITY_L.csv
SUYOG,INE442P01014,True,True,EQ,EQUITY,,False,False,2026-08-21,https://nsearchives.nseindia.com/content/equities/EQUITY_L.csv
SUZLON,INE040H01021,True,True,EQ,EQUITY,,False,False,2026-08-21,https://nsearchives.nseindia.com/content/equities/EQUITY_L.csv
SVGLOBAL,INE159L01013,True,True,EQ,EQUITY,,False,False,2026-08-21,https://nsearchives.nseindia.com/content/equities/EQUITY_L.csv
SVPGLOB,INE308E01029,True,True,EQ,EQUITY,,False,False,2026-08-21,https://nsearchives.nseindia.com/content/equities/EQUITY_L.csv
SWANCORP,INE665A01038,True,True,EQ,EQUITY,,False,False,2026-08-21,https://nsearchives.nseindia.com/content/equities/EQUITY_L.csv
SWARAJ,INE0GMR01016,True,True,EQ,EQUITY,,False,False,2026-08-21,https://nsearchives.nseindia.com/content/equities/EQUITY_L.csv
SWARAJENG,INE277A01016,True,True,EQ,EQUITY,,False,False,2026-08-21,https://nsearchives.nseindia.com/content/equities/EQUITY_L.csv
SWARNSAR,INE967A01012,True,True,EQ,EQUITY,,False,False,2026-08-21,https://nsearchives.nseindia.com/content/equities/EQUITY_L.csv
SWELECTES,INE409B01013,True,True,EQ,EQUITY,,False,False,2026-08-21,https://nsearchives.nseindia.com/content/equities/EQUITY_L.csv
SWIGGY,INE00H001014,True,True,EQ,EQUITY,,False,False,2026-08-21,https://nsearchives.nseindia.com/content/equities/EQUITY_L.csv
SWISSMLTRY,INE010C01025,True,True,EQ,EQUITY,,False,False,2026-08-21,https://nsearchives.nseindia.com/content/equities/EQUITY_L.csv
SWSOLAR,INE00M201021,True,True,EQ,EQUITY,,False,False,2026-08-21,https://nsearchives.nseindia.com/content/equities/EQUITY_L.csv
SYMPHONY,INE225D01027,True,True,EQ,EQUITY,,False,False,2026-08-21,https://nsearchives.nseindia.com/content/equities/EQUITY_L.csv
SYNCOMF,INE312C01025,True,True,EQ,EQUITY,,False,False,2026-08-21,https://nsearchives.nseindia.com/content/equities/EQUITY_L.csv
SYNGENE,INE398R01022,True,True,EQ,EQUITY,,False,False,2026-08-21,https://nsearchives.nseindia.com/content/equities/EQUITY_L.csv
SYRMA,INE0DYJ01015,True,True,EQ,EQUITY,,False,False,2026-08-21,https://nsearchives.nseindia.com/content/equities/EQUITY_L.csv
TAALTECH,INE524T01011,True,True,EQ,EQUITY,,False,False,2026-08-21,https://nsearchives.nseindia.com/content/equities/EQUITY_L.csv
TAINWALCHM,INE123C01018,True,True,EQ,EQUITY,,False,False,2026-08-21,https://nsearchives.nseindia.com/content/equities/EQUITY_L.csv
TAJGVK,INE586B01026,True,True,EQ,EQUITY,,False,False,2026-08-21,https://nsearchives.nseindia.com/content/equities/EQUITY_L.csv
TAKE,INE142I01023,True,True,EQ,EQUITY,,False,False,2026-08-21,https://nsearchives.nseindia.com/content/equities/EQUITY_L.csv
TALBROAUTO,INE187D01029,True,True,EQ,EQUITY,,False,False,2026-08-21,https://nsearchives.nseindia.com/content/equities/EQUITY_L.csv
TANAA,INE692C01020,True,True,EQ,EQUITY,,False,False,2026-08-21,https://nsearchives.nseindia.com/content/equities/EQUITY_L.csv
TANLA,INE483C01032,True,True,EQ,EQUITY,,False,False,2026-08-21,https://nsearchives.nseindia.com/content/equities/EQUITY_L.csv
TARACHAND,INE555Z01020,True,True,EQ,EQUITY,,False,False,2026-08-21,https://nsearchives.nseindia.com/content/equities/EQUITY_L.csv
TARAPUR,INE747K01017,True,True,EQ,EQUITY,,False,False,2026-08-21,https://nsearchives.nseindia.com/content/equities/EQUITY_L.csv
TARC,INE0EK901012,True,True,EQ,EQUITY,,False,False,2026-08-21,https://nsearchives.nseindia.com/content/equities/EQUITY_L.csv
TARIL,INE763I01026,True,True,EQ,EQUITY,,False,False,2026-08-21,https://nsearchives.nseindia.com/content/equities/EQUITY_L.csv
TARMAT,INE924H01018,True,True,EQ,EQUITY,,False,False,2026-08-21,https://nsearchives.nseindia.com/content/equities/EQUITY_L.csv
TARSONS,INE144Z01023,True,True,EQ,EQUITY,,False,False,2026-08-21,https://nsearchives.nseindia.com/content/equities/EQUITY_L.csv
TASTYBITE,INE488B01017,True,True,EQ,EQUITY,,False,False,2026-08-21,https://nsearchives.nseindia.com/content/equities/EQUITY_L.csv
TATACAP,INE976I01016,True,True,EQ,EQUITY,,False,False,2026-08-21,https://nsearchives.nseindia.com/content/equities/EQUITY_L.csv
TATACHEM,INE092A01019,True,True,EQ,EQUITY,,False,False,2026-08-21,https://nsearchives.nseindia.com/content/equities/EQUITY_L.csv
TATACOMM,INE151A01013,True,True,EQ,EQUITY,,False,False,2026-08-21,https://nsearchives.nseindia.com/content/equities/EQUITY_L.csv
TATACONSUM,INE192A01025,True,True,EQ,EQUITY,,False,False,2026-08-21,https://nsearchives.nseindia.com/content/equities/EQUITY_L.csv
TATAELXSI,INE670A01012,True,True,EQ,EQUITY,,False,False,2026-08-21,https://nsearchives.nseindia.com/content/equities/EQUITY_L.csv
TATAINVEST,INE672A01026,True,True,EQ,EQUITY,,False,False,2026-08-21,https://nsearchives.nseindia.com/content/equities/EQUITY_L.csv
TATAPOWER,INE245A01021,True,True,EQ,EQUITY,,False,False,2026-08-21,https://nsearchives.nseindia.com/content/equities/EQUITY_L.csv
TATASTEEL,INE081A01020,True,True,EQ,EQUITY,,False,False,2026-08-21,https://nsearchives.nseindia.com/content/equities/EQUITY_L.csv
TATATECH,INE142M01025,True,True,EQ,EQUITY,,False,False,2026-08-21,https://nsearchives.nseindia.com/content/equities/EQUITY_L.csv
TATVA,INE0GK401011,True,True,EQ,EQUITY,,False,False,2026-08-21,https://nsearchives.nseindia.com/content/equities/EQUITY_L.csv
TBOTEK,INE673O01025,True,True,EQ,EQUITY,,False,False,2026-08-21,https://nsearchives.nseindia.com/content/equities/EQUITY_L.csv
TBZ,INE760L01018,True,True,EQ,EQUITY,,False,False,2026-08-21,https://nsearchives.nseindia.com/content/equities/EQUITY_L.csv
TCC,INE887D01016,True,True,EQ,EQUITY,,False,False,2026-08-21,https://nsearchives.nseindia.com/content/equities/EQUITY_L.csv
TCI,INE688A01022,True,True,EQ,EQUITY,,False,False,2026-08-21,https://nsearchives.nseindia.com/content/equities/EQUITY_L.csv
TCIEXP,INE586V01016,True,True,EQ,EQUITY,,False,False,2026-08-21,https://nsearchives.nseindia.com/content/equities/EQUITY_L.csv
TCPLPACK,INE822C01015,True,True,EQ,EQUITY,,False,False,2026-08-21,https://nsearchives.nseindia.com/content/equities/EQUITY_L.csv
TCS,INE467B01029,True,True,EQ,EQUITY,,False,False,2026-08-21,https://nsearchives.nseindia.com/content/equities/EQUITY_L.csv
TDPOWERSYS,INE419M01027,True,True,EQ,EQUITY,,False,False,2026-08-21,https://nsearchives.nseindia.com/content/equities/EQUITY_L.csv
TEAMGTY,INE289C01025,True,True,EQ,EQUITY,,False,False,2026-08-21,https://nsearchives.nseindia.com/content/equities/EQUITY_L.csv
TEAMLEASE,INE985S01024,True,True,EQ,EQUITY,,False,False,2026-08-21,https://nsearchives.nseindia.com/content/equities/EQUITY_L.csv
TECHM,INE669C01036,True,True,EQ,EQUITY,,False,False,2026-08-21,https://nsearchives.nseindia.com/content/equities/EQUITY_L.csv
TECHNOCRAF,INE1D0W01018,True,True,EQ,EQUITY,,False,False,2026-08-21,https://nsearchives.nseindia.com/content/equities/EQUITY_L.csv
TECHNOE,INE285K01026,True,True,EQ,EQUITY,,False,False,2026-08-21,https://nsearchives.nseindia.com/content/equities/EQUITY_L.csv
TECHNVISN,INE314H01012,True,True,EQ,EQUITY,,False,False,2026-08-21,https://nsearchives.nseindia.com/content/equities/EQUITY_L.csv
TECILCHEM,INE014B01011,True,True,EQ,EQUITY,,False,False,2026-08-21,https://nsearchives.nseindia.com/content/equities/EQUITY_L.csv
TEGA,INE011K01018,True,True,EQ,EQUITY,,False,False,2026-08-21,https://nsearchives.nseindia.com/content/equities/EQUITY_L.csv
TEJASNET,INE010J01012,True,True,EQ,EQUITY,,False,False,2026-08-21,https://nsearchives.nseindia.com/content/equities/EQUITY_L.csv
TEMBO,INE869Y01028,True,True,EQ,EQUITY,,False,False,2026-08-21,https://nsearchives.nseindia.com/content/equities/EQUITY_L.csv
TENNIND,INE19RI01016,True,True,EQ,EQUITY,,False,False,2026-08-21,https://nsearchives.nseindia.com/content/equities/EQUITY_L.csv
TERAI,INE390D01011,True,True,EQ,EQUITY,,False,False,2026-08-21,https://nsearchives.nseindia.com/content/equities/EQUITY_L.csv
TERASOFT,INE482B01010,True,True,EQ,EQUITY,,False,False,2026-08-21,https://nsearchives.nseindia.com/content/equities/EQUITY_L.csv
TEXINFRA,INE435C01024,True,True,EQ,EQUITY,,False,False,2026-08-21,https://nsearchives.nseindia.com/content/equities/EQUITY_L.csv
TEXMOPIPES,INE141K01013,True,True,EQ,EQUITY,,False,False,2026-08-21,https://nsearchives.nseindia.com/content/equities/EQUITY_L.csv
TEXRAIL,INE621L01012,True,True,EQ,EQUITY,,False,False,2026-08-21,https://nsearchives.nseindia.com/content/equities/EQUITY_L.csv
TFCILTD,INE305A01023,True,True,EQ,EQUITY,,False,False,2026-08-21,https://nsearchives.nseindia.com/content/equities/EQUITY_L.csv
TFL,INE804H01012,True,True,EQ,EQUITY,,False,False,2026-08-21,https://nsearchives.nseindia.com/content/equities/EQUITY_L.csv
TGBHOTELS,INE797H01018,True,True,EQ,EQUITY,,False,False,2026-08-21,https://nsearchives.nseindia.com/content/equities/EQUITY_L.csv
TGVSL,INE284B01028,True,True,EQ,EQUITY,,False,False,2026-08-21,https://nsearchives.nseindia.com/content/equities/EQUITY_L.csv
THAKDEV,INE403F01017,True,True,EQ,EQUITY,,False,False,2026-08-21,https://nsearchives.nseindia.com/content/equities/EQUITY_L.csv
THANGAMAYL,INE085J01014,True,True,EQ,EQUITY,,False,False,2026-08-21,https://nsearchives.nseindia.com/content/equities/EQUITY_L.csv
THEINVEST,INE924D01017,True,True,EQ,EQUITY,,False,False,2026-08-21,https://nsearchives.nseindia.com/content/equities/EQUITY_L.csv
THEJO,INE121N01019,True,True,EQ,EQUITY,,False,False,2026-08-21,https://nsearchives.nseindia.com/content/equities/EQUITY_L.csv
THELEELA,INE0AQ201015,True,True,EQ,EQUITY,,False,False,2026-08-21,https://nsearchives.nseindia.com/content/equities/EQUITY_L.csv
THEMISMED,INE083B01024,True,True,EQ,EQUITY,,False,False,2026-08-21,https://nsearchives.nseindia.com/content/equities/EQUITY_L.csv
THERMAX,INE152A01029,True,True,EQ,EQUITY,,False,False,2026-08-21,https://nsearchives.nseindia.com/content/equities/EQUITY_L.csv
THOMASCOOK,INE332A01027,True,True,EQ,EQUITY,,False,False,2026-08-21,https://nsearchives.nseindia.com/content/equities/EQUITY_L.csv
THOMASCOTT,INE480M01011,True,True,EQ,EQUITY,,False,False,2026-08-21,https://nsearchives.nseindia.com/content/equities/EQUITY_L.csv
THYROCARE,INE594H01019,True,True,EQ,EQUITY,,False,False,2026-08-21,https://nsearchives.nseindia.com/content/equities/EQUITY_L.csv
TI,INE133E01013,True,True,EQ,EQUITY,,False,False,2026-08-21,https://nsearchives.nseindia.com/content/equities/EQUITY_L.csv
TIGERLOGS,INE906O01029,True,True,EQ,EQUITY,,False,False,2026-08-21,https://nsearchives.nseindia.com/content/equities/EQUITY_L.csv
TIIL,INE545H01011,True,True,EQ,EQUITY,,False,False,2026-08-21,https://nsearchives.nseindia.com/content/equities/EQUITY_L.csv
TIINDIA,INE974X01010,True,True,EQ,EQUITY,,False,False,2026-08-21,https://nsearchives.nseindia.com/content/equities/EQUITY_L.csv
TIJARIA,INE440L01017,True,True,EQ,EQUITY,,False,False,2026-08-21,https://nsearchives.nseindia.com/content/equities/EQUITY_L.csv
TIMETECHNO,INE508G01029,True,True,EQ,EQUITY,,False,False,2026-08-21,https://nsearchives.nseindia.com/content/equities/EQUITY_L.csv
TIMEX,INE064A01026,True,True,EQ,EQUITY,,False,False,2026-08-21,https://nsearchives.nseindia.com/content/equities/EQUITY_L.csv
TIMKEN,INE325A01013,True,True,EQ,EQUITY,,False,False,2026-08-21,https://nsearchives.nseindia.com/content/equities/EQUITY_L.csv
TINNARUBR,INE015C01016,True,True,EQ,EQUITY,,False,False,2026-08-21,https://nsearchives.nseindia.com/content/equities/EQUITY_L.csv
TIPSFILMS,INE0LQS01015,True,True,EQ,EQUITY,,False,False,2026-08-21,https://nsearchives.nseindia.com/content/equities/EQUITY_L.csv
TIPSMUSIC,INE716B01029,True,True,EQ,EQUITY,,False,False,2026-08-21,https://nsearchives.nseindia.com/content/equities/EQUITY_L.csv
TIRUMALCHM,INE338A01024,True,True,EQ,EQUITY,,False,False,2026-08-21,https://nsearchives.nseindia.com/content/equities/EQUITY_L.csv
TITAGARH,INE615H01020,True,True,EQ,EQUITY,,False,False,2026-08-21,https://nsearchives.nseindia.com/content/equities/EQUITY_L.csv
TITAN,INE280A01028,True,True,EQ,EQUITY,,False,False,2026-08-21,https://nsearchives.nseindia.com/content/equities/EQUITY_L.csv
TMB,INE668A01016,True,True,EQ,EQUITY,,False,False,2026-08-21,https://nsearchives.nseindia.com/content/equities/EQUITY_L.csv
TMCV,INE1TAE01010,True,True,EQ,EQUITY,,False,False,2026-08-21,https://nsearchives.nseindia.com/content/equities/EQUITY_L.csv
TMPV,INE155A01022,True,True,EQ,EQUITY,,False,False,2026-08-21,https://nsearchives.nseindia.com/content/equities/EQUITY_L.csv
TNPETRO,INE148A01019,True,True,EQ,EQUITY,,False,False,2026-08-21,https://nsearchives.nseindia.com/content/equities/EQUITY_L.csv
TNPL,INE107A01015,True,True,EQ,EQUITY,,False,False,2026-08-21,https://nsearchives.nseindia.com/content/equities/EQUITY_L.csv
TNTELE,INE141D01018,True,True,EQ,EQUITY,,False,False,2026-08-21,https://nsearchives.nseindia.com/content/equities/EQUITY_L.csv
TOKYOPLAST,INE932C01012,True,True,EQ,EQUITY,,False,False,2026-08-21,https://nsearchives.nseindia.com/content/equities/EQUITY_L.csv
TOLINS,INE0RWQ01014,True,True,EQ,EQUITY,,False,False,2026-08-21,https://nsearchives.nseindia.com/content/equities/EQUITY_L.csv
TORNTPHARM,INE685A01028,True,True,EQ,EQUITY,,False,False,2026-08-21,https://nsearchives.nseindia.com/content/equities/EQUITY_L.csv
TORNTPOWER,INE813H01021,True,True,EQ,EQUITY,,False,False,2026-08-21,https://nsearchives.nseindia.com/content/equities/EQUITY_L.csv
TOTAL,INE336X01012,True,True,EQ,EQUITY,,False,False,2026-08-21,https://nsearchives.nseindia.com/content/equities/EQUITY_L.csv
TOUCHWOOD,INE486Y01013,True,True,EQ,EQUITY,,False,False,2026-08-21,https://nsearchives.nseindia.com/content/equities/EQUITY_L.csv
TOYAMSL,INE457P01020,True,True,EQ,EQUITY,,False,False,2026-08-21,https://nsearchives.nseindia.com/content/equities/EQUITY_L.csv
TPHQ,INE065J01024,True,True,EQ,EQUITY,,False,False,2026-08-21,https://nsearchives.nseindia.com/content/equities/EQUITY_L.csv
TPLPLASTEH,INE413G01022,True,True,EQ,EQUITY,,False,False,2026-08-21,https://nsearchives.nseindia.com/content/equities/EQUITY_L.csv
TRACXN,INE0HMF01019,True,True,EQ,EQUITY,,False,False,2026-08-21,https://nsearchives.nseindia.com/content/equities/EQUITY_L.csv
TRANSCOR,INE330E01023,True,True,EQ,EQUITY,,False,False,2026-08-21,https://nsearchives.nseindia.com/content/equities/EQUITY_L.csv
TRANSRAILL,INE454P01035,True,True,EQ,EQUITY,,False,False,2026-08-21,https://nsearchives.nseindia.com/content/equities/EQUITY_L.csv
TRAVELFOOD,INE103V01028,True,True,EQ,EQUITY,,False,False,2026-08-21,https://nsearchives.nseindia.com/content/equities/EQUITY_L.csv
TREEHOUSE,INE040M01013,True,True,EQ,EQUITY,,False,False,2026-08-21,https://nsearchives.nseindia.com/content/equities/EQUITY_L.csv
TREJHARA,INE00CA01015,True,True,EQ,EQUITY,,False,False,2026-08-21,https://nsearchives.nseindia.com/content/equities/EQUITY_L.csv
TREL,INE0O3901029,True,True,EQ,EQUITY,,False,False,2026-08-21,https://nsearchives.nseindia.com/content/equities/EQUITY_L.csv
TRENT,INE849A01020,True,True,EQ,EQUITY,,False,False,2026-08-21,https://nsearchives.nseindia.com/content/equities/EQUITY_L.csv
TRF,INE391D01019,True,True,EQ,EQUITY,,False,False,2026-08-21,https://nsearchives.nseindia.com/content/equities/EQUITY_L.csv
TRIDENT,INE064C01022,True,True,EQ,EQUITY,,False,False,2026-08-21,https://nsearchives.nseindia.com/content/equities/EQUITY_L.csv
TRIGYN,INE948A01012,True,True,EQ,EQUITY,,False,False,2026-08-21,https://nsearchives.nseindia.com/content/equities/EQUITY_L.csv
TRITONV,INE440G01017,True,True,EQ,EQUITY,,False,False,2026-08-21,https://nsearchives.nseindia.com/content/equities/EQUITY_L.csv
TRITURBINE,INE152M01016,True,True,EQ,EQUITY,,False,False,2026-08-21,https://nsearchives.nseindia.com/content/equities/EQUITY_L.csv
TRIVENI,INE256C01024,True,True,EQ,EQUITY,,False,False,2026-08-21,https://nsearchives.nseindia.com/content/equities/EQUITY_L.csv
TRU,INE615R01029,True,True,EQ,EQUITY,,False,False,2026-08-21,https://nsearchives.nseindia.com/content/equities/EQUITY_L.csv
TRUALT,INE0MWH01014,True,True,EQ,EQUITY,,False,False,2026-08-21,https://nsearchives.nseindia.com/content/equities/EQUITY_L.csv
TSFINV,INE202Z01029,True,True,EQ,EQUITY,,False,False,2026-08-21,https://nsearchives.nseindia.com/content/equities/EQUITY_L.csv
TTKHLTCARE,INE910C01018,True,True,EQ,EQUITY,,False,False,2026-08-21,https://nsearchives.nseindia.com/content/equities/EQUITY_L.csv
TTKPRESTIG,INE690A01028,True,True,EQ,EQUITY,,False,False,2026-08-21,https://nsearchives.nseindia.com/content/equities/EQUITY_L.csv
TTL,INE592B01024,True,True,EQ,EQUITY,,False,False,2026-08-21,https://nsearchives.nseindia.com/content/equities/EQUITY_L.csv
TTML,INE517B01013,True,True,EQ,EQUITY,,False,False,2026-08-21,https://nsearchives.nseindia.com/content/equities/EQUITY_L.csv
TURTLEMINT,INE0OC301013,True,True,EQ,EQUITY,,False,False,2026-08-21,https://nsearchives.nseindia.com/content/equities/EQUITY_L.csv
TUTIALKA,INE400A01014,True,True,EQ,EQUITY,,False,False,2026-08-21,https://nsearchives.nseindia.com/content/equities/EQUITY_L.csv
TVSELECT,INE236G01019,True,True,EQ,EQUITY,,False,False,2026-08-21,https://nsearchives.nseindia.com/content/equities/EQUITY_L.csv
TVSHLTD,INE105A01035,True,True,EQ,EQUITY,,False,False,2026-08-21,https://nsearchives.nseindia.com/content/equities/EQUITY_L.csv
TVSMOTOR,INE494B01023,True,True,EQ,EQUITY,,False,False,2026-08-21,https://nsearchives.nseindia.com/content/equities/EQUITY_L.csv
TVSSCS,INE395N01027,True,True,EQ,EQUITY,,False,False,2026-08-21,https://nsearchives.nseindia.com/content/equities/EQUITY_L.csv
TVSSRICHAK,INE421C01016,True,True,EQ,EQUITY,,False,False,2026-08-21,https://nsearchives.nseindia.com/content/equities/EQUITY_L.csv
TVTODAY,INE038F01029,True,True,EQ,EQUITY,,False,False,2026-08-21,https://nsearchives.nseindia.com/content/equities/EQUITY_L.csv
UBL,INE686F01025,True,True,EQ,EQUITY,,False,False,2026-08-21,https://nsearchives.nseindia.com/content/equities/EQUITY_L.csv
UCOBANK,INE691A01018,True,True,EQ,EQUITY,,False,False,2026-08-21,https://nsearchives.nseindia.com/content/equities/EQUITY_L.csv
UDAYJEW,INE551B01012,True,True,EQ,EQUITY,,False,False,2026-08-21,https://nsearchives.nseindia.com/content/equities/EQUITY_L.csv
UDS,INE851I01011,True,True,EQ,EQUITY,,False,False,2026-08-21,https://nsearchives.nseindia.com/content/equities/EQUITY_L.csv
UEL,INE899L01030,True,True,EQ,EQUITY,,False,False,2026-08-21,https://nsearchives.nseindia.com/content/equities/EQUITY_L.csv
UFLEX,INE516A01017,True,True,EQ,EQUITY,,False,False,2026-08-21,https://nsearchives.nseindia.com/content/equities/EQUITY_L.csv
UFO,INE527H01019,True,True,EQ,EQUITY,,False,False,2026-08-21,https://nsearchives.nseindia.com/content/equities/EQUITY_L.csv
UGARSUGAR,INE071E01023,True,True,EQ,EQUITY,,False,False,2026-08-21,https://nsearchives.nseindia.com/content/equities/EQUITY_L.csv
UGROCAP,INE583D01011,True,True,EQ,EQUITY,,False,False,2026-08-21,https://nsearchives.nseindia.com/content/equities/EQUITY_L.csv
UJJIVANSFB,INE551W01018,True,True,EQ,EQUITY,,False,False,2026-08-21,https://nsearchives.nseindia.com/content/equities/EQUITY_L.csv
ULTRACEMCO,INE481G01011,True,True,EQ,EQUITY,,False,False,2026-08-21,https://nsearchives.nseindia.com/content/equities/EQUITY_L.csv
ULTRAMAR,INE405A01021,True,True,EQ,EQUITY,,False,False,2026-08-21,https://nsearchives.nseindia.com/content/equities/EQUITY_L.csv
UMESLTD,INE240C01028,True,True,EQ,EQUITY,,False,False,2026-08-21,https://nsearchives.nseindia.com/content/equities/EQUITY_L.csv
UMIYA-MRO,INE398B01018,True,True,EQ,EQUITY,,False,False,2026-08-21,https://nsearchives.nseindia.com/content/equities/EQUITY_L.csv
UNICHEMLAB,INE351A01035,True,True,EQ,EQUITY,,False,False,2026-08-21,https://nsearchives.nseindia.com/content/equities/EQUITY_L.csv
UNIECOM,INE00U401027,True,True,EQ,EQUITY,,False,False,2026-08-21,https://nsearchives.nseindia.com/content/equities/EQUITY_L.csv
UNIENTER,INE037A01022,True,True,EQ,EQUITY,,False,False,2026-08-21,https://nsearchives.nseindia.com/content/equities/EQUITY_L.csv
UNIINFO,INE481Z01011,True,True,EQ,EQUITY,,False,False,2026-08-21,https://nsearchives.nseindia.com/content/equities/EQUITY_L.csv
UNIMECH,INE0U3I01011,True,True,EQ,EQUITY,,False,False,2026-08-21,https://nsearchives.nseindia.com/content/equities/EQUITY_L.csv
UNIONBANK,INE692A01016,True,True,EQ,EQUITY,,False,False,2026-08-21,https://nsearchives.nseindia.com/content/equities/EQUITY_L.csv
UNIPARTS,INE244O01017,True,True,EQ,EQUITY,,False,False,2026-08-21,https://nsearchives.nseindia.com/content/equities/EQUITY_L.csv
UNITDSPR,INE854D01024,True,True,EQ,EQUITY,,False,False,2026-08-21,https://nsearchives.nseindia.com/content/equities/EQUITY_L.csv
UNITECH,INE694A01020,True,True,EQ,EQUITY,,False,False,2026-08-21,https://nsearchives.nseindia.com/content/equities/EQUITY_L.csv
UNITEDTEA,INE458F01011,True,True,EQ,EQUITY,,False,False,2026-08-21,https://nsearchives.nseindia.com/content/equities/EQUITY_L.csv
UNIVCABLES,INE279A01012,True,True,EQ,EQUITY,,False,False,2026-08-21,https://nsearchives.nseindia.com/content/equities/EQUITY_L.csv
UNOMINDA,INE405E01023,True,True,EQ,EQUITY,,False,False,2026-08-21,https://nsearchives.nseindia.com/content/equities/EQUITY_L.csv
UPHOT,INE726E01014,True,True,EQ,EQUITY,,False,False,2026-08-21,https://nsearchives.nseindia.com/content/equities/EQUITY_L.csv
UPL,INE628A01036,True,True,EQ,EQUITY,,False,False,2026-08-21,https://nsearchives.nseindia.com/content/equities/EQUITY_L.csv
URBANCO,INE0CAZ01013,True,True,EQ,EQUITY,,False,False,2026-08-21,https://nsearchives.nseindia.com/content/equities/EQUITY_L.csv
URJA,INE550C01020,True,True,EQ,EQUITY,,False,False,2026-08-21,https://nsearchives.nseindia.com/content/equities/EQUITY_L.csv
USHAMART,INE228A01035,True,True,EQ,EQUITY,,False,False,2026-08-21,https://nsearchives.nseindia.com/content/equities/EQUITY_L.csv
USK,INE0N0Y01013,True,True,EQ,EQUITY,,False,False,2026-08-21,https://nsearchives.nseindia.com/content/equities/EQUITY_L.csv
UTIAMC,INE094J01016,True,True,EQ,EQUITY,,False,False,2026-08-21,https://nsearchives.nseindia.com/content/equities/EQUITY_L.csv
UTKARSHBNK,INE735W01017,True,True,EQ,EQUITY,,False,False,2026-08-21,https://nsearchives.nseindia.com/content/equities/EQUITY_L.csv
UTLSOLAR,INE12UR01024,True,True,EQ,EQUITY,,False,False,2026-08-21,https://nsearchives.nseindia.com/content/equities/EQUITY_L.csv
UTTAMSUGAR,INE786F01031,True,True,EQ,EQUITY,,False,False,2026-08-21,https://nsearchives.nseindia.com/content/equities/EQUITY_L.csv
V2RETAIL,INE945H01021,True,True,EQ,EQUITY,,False,False,2026-08-21,https://nsearchives.nseindia.com/content/equities/EQUITY_L.csv
VADILALIND,INE694D01016,True,True,EQ,EQUITY,,False,False,2026-08-21,https://nsearchives.nseindia.com/content/equities/EQUITY_L.csv
VADILENT,INE693D01018,True,True,EQ,EQUITY,,False,False,2026-08-21,https://nsearchives.nseindia.com/content/equities/EQUITY_L.csv
VAIBHAVGBL,INE884A01027,True,True,EQ,EQUITY,,False,False,2026-08-21,https://nsearchives.nseindia.com/content/equities/EQUITY_L.csv
VAISHALI,INE972X01022,True,True,EQ,EQUITY,,False,False,2026-08-21,https://nsearchives.nseindia.com/content/equities/EQUITY_L.csv
VAKRANGEE,INE051B01021,True,True,EQ,EQUITY,,False,False,2026-08-21,https://nsearchives.nseindia.com/content/equities/EQUITY_L.csv
VALIANTLAB,INE0JWS01017,True,True,EQ,EQUITY,,False,False,2026-08-21,https://nsearchives.nseindia.com/content/equities/EQUITY_L.csv
VAML,INE1CDF01017,True,True,EQ,EQUITY,,False,False,2026-08-21,https://nsearchives.nseindia.com/content/equities/EQUITY_L.csv
VARDMNPOLY,INE835A01029,True,True,EQ,EQUITY,,False,False,2026-08-21,https://nsearchives.nseindia.com/content/equities/EQUITY_L.csv
VARROC,INE665L01035,True,True,EQ,EQUITY,,False,False,2026-08-21,https://nsearchives.nseindia.com/content/equities/EQUITY_L.csv
VASCONEQ,INE893I01013,True,True,EQ,EQUITY,,False,False,2026-08-21,https://nsearchives.nseindia.com/content/equities/EQUITY_L.csv
VASUPRADA,INE574G01013,True,True,EQ,EQUITY,,False,False,2026-08-21,https://nsearchives.nseindia.com/content/equities/EQUITY_L.csv
VASWANI,INE590L01019,True,True,EQ,EQUITY,,False,False,2026-08-21,https://nsearchives.nseindia.com/content/equities/EQUITY_L.csv
VBL,INE200M01039,True,True,EQ,EQUITY,,False,False,2026-08-21,https://nsearchives.nseindia.com/content/equities/EQUITY_L.csv
VEDAVAAG,INE359B01010,True,True,EQ,EQUITY,,False,False,2026-08-21,https://nsearchives.nseindia.com/content/equities/EQUITY_L.csv
VEDL,INE205A01025,True,True,EQ,EQUITY,,False,False,2026-08-21,https://nsearchives.nseindia.com/content/equities/EQUITY_L.csv
VEDPOWER,INE694L01019,True,True,EQ,EQUITY,,False,False,2026-08-21,https://nsearchives.nseindia.com/content/equities/EQUITY_L.csv
VEEDOL,INE484C01030,True,True,EQ,EQUITY,,False,False,2026-08-21,https://nsearchives.nseindia.com/content/equities/EQUITY_L.csv
VENKEYS,INE398A01010,True,True,EQ,EQUITY,,False,False,2026-08-21,https://nsearchives.nseindia.com/content/equities/EQUITY_L.csv
VENTIVE,INE781S01027,True,True,EQ,EQUITY,,False,False,2026-08-21,https://nsearchives.nseindia.com/content/equities/EQUITY_L.csv
VENUSPIPES,INE0JA001018,True,True,EQ,EQUITY,,False,False,2026-08-21,https://nsearchives.nseindia.com/content/equities/EQUITY_L.csv
VERANDA,INE0IQ001011,True,True,EQ,EQUITY,,False,False,2026-08-21,https://nsearchives.nseindia.com/content/equities/EQUITY_L.csv
VESUVIUS,INE386A01023,True,True,EQ,EQUITY,,False,False,2026-08-21,https://nsearchives.nseindia.com/content/equities/EQUITY_L.csv
VGCL,INE761Q01015,True,True,EQ,EQUITY,,False,False,2026-08-21,https://nsearchives.nseindia.com/content/equities/EQUITY_L.csv
VGL,INE273D01027,True,True,EQ,EQUITY,,False,False,2026-08-21,https://nsearchives.nseindia.com/content/equities/EQUITY_L.csv
VGUARD,INE951I01027,True,True,EQ,EQUITY,,False,False,2026-08-21,https://nsearchives.nseindia.com/content/equities/EQUITY_L.csv
VHL,INE701A01023,True,True,EQ,EQUITY,,False,False,2026-08-21,https://nsearchives.nseindia.com/content/equities/EQUITY_L.csv
VIDHIING,INE632C01026,True,True,EQ,EQUITY,,False,False,2026-08-21,https://nsearchives.nseindia.com/content/equities/EQUITY_L.csv
VIDYAWIRES,INE14UN01029,True,True,EQ,EQUITY,,False,False,2026-08-21,https://nsearchives.nseindia.com/content/equities/EQUITY_L.csv
VIJAYA,INE043W01024,True,True,EQ,EQUITY,,False,False,2026-08-21,https://nsearchives.nseindia.com/content/equities/EQUITY_L.csv
VIJSOLX,INE362D01010,True,True,EQ,EQUITY,,False,False,2026-08-21,https://nsearchives.nseindia.com/content/equities/EQUITY_L.csv
VIKASECO,INE806A01020,True,True,EQ,EQUITY,,False,False,2026-08-21,https://nsearchives.nseindia.com/content/equities/EQUITY_L.csv
VIKASLIFE,INE161L01027,True,True,EQ,EQUITY,,False,False,2026-08-21,https://nsearchives.nseindia.com/content/equities/EQUITY_L.csv
VIKRAMSOLR,INE078V01014,True,True,EQ,EQUITY,,False,False,2026-08-21,https://nsearchives.nseindia.com/content/equities/EQUITY_L.csv
VIKRAN,INE01R501028,True,True,EQ,EQUITY,,False,False,2026-08-21,https://nsearchives.nseindia.com/content/equities/EQUITY_L.csv
VIMTALABS,INE579C01029,True,True,EQ,EQUITY,,False,False,2026-08-21,https://nsearchives.nseindia.com/content/equities/EQUITY_L.csv
VINATIORGA,INE410B01037,True,True,EQ,EQUITY,,False,False,2026-08-21,https://nsearchives.nseindia.com/content/equities/EQUITY_L.csv
VINCOFE,INE498Q01014,True,True,EQ,EQUITY,,False,False,2026-08-21,https://nsearchives.nseindia.com/content/equities/EQUITY_L.csv
VINDHYATEL,INE707A01012,True,True,EQ,EQUITY,,False,False,2026-08-21,https://nsearchives.nseindia.com/content/equities/EQUITY_L.csv
VINEETLAB,INE505Y01010,True,True,EQ,EQUITY,,False,False,2026-08-21,https://nsearchives.nseindia.com/content/equities/EQUITY_L.csv
VINNY,INE01KI01027,True,True,EQ,EQUITY,,False,False,2026-08-21,https://nsearchives.nseindia.com/content/equities/EQUITY_L.csv
VINYLINDIA,INE250B01029,True,True,EQ,EQUITY,,False,False,2026-08-21,https://nsearchives.nseindia.com/content/equities/EQUITY_L.csv
VIPCLOTHNG,INE450G01024,True,True,EQ,EQUITY,,False,False,2026-08-21,https://nsearchives.nseindia.com/content/equities/EQUITY_L.csv
VIPIND,INE054A01027,True,True,EQ,EQUITY,,False,False,2026-08-21,https://nsearchives.nseindia.com/content/equities/EQUITY_L.csv
VIRAT,INE467D01017,True,True,EQ,EQUITY,,False,False,2026-08-21,https://nsearchives.nseindia.com/content/equities/EQUITY_L.csv
VIRINCHI,INE539B01017,True,True,EQ,EQUITY,,False,False,2026-08-21,https://nsearchives.nseindia.com/content/equities/EQUITY_L.csv
VIRTUALG,INE247C01023,True,True,EQ,EQUITY,,False,False,2026-08-21,https://nsearchives.nseindia.com/content/equities/EQUITY_L.csv
VISACHROME,INE286H01012,True,True,EQ,EQUITY,,False,False,2026-08-21,https://nsearchives.nseindia.com/content/equities/EQUITY_L.csv
VISAKAIND,INE392A01021,True,True,EQ,EQUITY,,False,False,2026-08-21,https://nsearchives.nseindia.com/content/equities/EQUITY_L.csv
VISHAL,INE755Q01025,True,True,EQ,EQUITY,,False,False,2026-08-21,https://nsearchives.nseindia.com/content/equities/EQUITY_L.csv
VISHNU,INE270I01022,True,True,EQ,EQUITY,,False,False,2026-08-21,https://nsearchives.nseindia.com/content/equities/EQUITY_L.csv
VISHWARAJ,INE430N01022,True,True,EQ,EQUITY,,False,False,2026-08-21,https://nsearchives.nseindia.com/content/equities/EQUITY_L.csv
VISL,INE1CLE01013,True,True,EQ,EQUITY,,False,False,2026-08-21,https://nsearchives.nseindia.com/content/equities/EQUITY_L.csv
VIVIDHA,INE370E01029,True,True,EQ,EQUITY,,False,False,2026-08-21,https://nsearchives.nseindia.com/content/equities/EQUITY_L.csv
VIVOBIOT,INE380K01017,True,True,EQ,EQUITY,,False,False,2026-08-21,https://nsearchives.nseindia.com/content/equities/EQUITY_L.csv
VIYASH,INE807F01027,True,True,EQ,EQUITY,,False,False,2026-08-21,https://nsearchives.nseindia.com/content/equities/EQUITY_L.csv
VLSFINANCE,INE709A01018,True,True,EQ,EQUITY,,False,False,2026-08-21,https://nsearchives.nseindia.com/content/equities/EQUITY_L.csv
VMART,INE665J01013,True,True,EQ,EQUITY,,False,False,2026-08-21,https://nsearchives.nseindia.com/content/equities/EQUITY_L.csv
VMM,INE01EA01019,True,True,EQ,EQUITY,,False,False,2026-08-21,https://nsearchives.nseindia.com/content/equities/EQUITY_L.csv
VMSTMT,INE0SJA01013,True,True,EQ,EQUITY,,False,False,2026-08-21,https://nsearchives.nseindia.com/content/equities/EQUITY_L.csv
VOEPL,INE0I0T01010,True,True,EQ,EQUITY,,False,False,2026-08-21,https://nsearchives.nseindia.com/content/equities/EQUITY_L.csv
VOGL,INE704J01044,True,True,EQ,EQUITY,,False,False,2026-08-21,https://nsearchives.nseindia.com/content/equities/EQUITY_L.csv
VOITHPAPR,INE285C01015,True,True,EQ,EQUITY,,False,False,2026-08-21,https://nsearchives.nseindia.com/content/equities/EQUITY_L.csv
VOLTAMP,INE540H01012,True,True,EQ,EQUITY,,False,False,2026-08-21,https://nsearchives.nseindia.com/content/equities/EQUITY_L.csv
VOLTAS,INE226A01021,True,True,EQ,EQUITY,,False,False,2026-08-21,https://nsearchives.nseindia.com/content/equities/EQUITY_L.csv
VPRPL,INE0AE001013,True,True,EQ,EQUITY,,False,False,2026-08-21,https://nsearchives.nseindia.com/content/equities/EQUITY_L.csv
VRAJ,INE0S2V01010,True,True,EQ,EQUITY,,False,False,2026-08-21,https://nsearchives.nseindia.com/content/equities/EQUITY_L.csv
VRLLOG,INE366I01010,True,True,EQ,EQUITY,,False,False,2026-08-21,https://nsearchives.nseindia.com/content/equities/EQUITY_L.csv
VSSL,INE050M01012,True,True,EQ,EQUITY,,False,False,2026-08-21,https://nsearchives.nseindia.com/content/equities/EQUITY_L.csv
VSTIND,INE710A01016,True,True,EQ,EQUITY,,False,False,2026-08-21,https://nsearchives.nseindia.com/content/equities/EQUITY_L.csv
VSTL,INE0QTF01015,True,True,EQ,EQUITY,,False,False,2026-08-21,https://nsearchives.nseindia.com/content/equities/EQUITY_L.csv
VSTTILLERS,INE764D01017,True,True,EQ,EQUITY,,False,False,2026-08-21,https://nsearchives.nseindia.com/content/equities/EQUITY_L.csv
VTL,INE825A01020,True,True,EQ,EQUITY,,False,False,2026-08-21,https://nsearchives.nseindia.com/content/equities/EQUITY_L.csv
VTMLTD,INE222F01029,True,True,EQ,EQUITY,,False,False,2026-08-21,https://nsearchives.nseindia.com/content/equities/EQUITY_L.csv
WAAREEENER,INE377N01017,True,True,EQ,EQUITY,,False,False,2026-08-21,https://nsearchives.nseindia.com/content/equities/EQUITY_L.csv
WAAREEINDO,INE866K01023,True,True,EQ,EQUITY,,False,False,2026-08-21,https://nsearchives.nseindia.com/content/equities/EQUITY_L.csv
WAAREERTL,INE299N01021,True,True,EQ,EQUITY,,False,False,2026-08-21,https://nsearchives.nseindia.com/content/equities/EQUITY_L.csv
WABAG,INE956G01038,True,True,EQ,EQUITY,,False,False,2026-08-21,https://nsearchives.nseindia.com/content/equities/EQUITY_L.csv
WAKEFIT,INE0E7301029,True,True,EQ,EQUITY,,False,False,2026-08-21,https://nsearchives.nseindia.com/content/equities/EQUITY_L.csv
WALCHANNAG,INE711A01022,True,True,EQ,EQUITY,,False,False,2026-08-21,https://nsearchives.nseindia.com/content/equities/EQUITY_L.csv
WANBURY,INE107F01022,True,True,EQ,EQUITY,,False,False,2026-08-21,https://nsearchives.nseindia.com/content/equities/EQUITY_L.csv
WARDINMOBI,INE945P01024,True,True,EQ,EQUITY,,False,False,2026-08-21,https://nsearchives.nseindia.com/content/equities/EQUITY_L.csv
WATERBASE,INE054C01015,True,True,EQ,EQUITY,,False,False,2026-08-21,https://nsearchives.nseindia.com/content/equities/EQUITY_L.csv
WCIL,INE0CJF01024,True,True,EQ,EQUITY,,False,False,2026-08-21,https://nsearchives.nseindia.com/content/equities/EQUITY_L.csv
WEALTH,INE658T01017,True,True,EQ,EQUITY,,False,False,2026-08-21,https://nsearchives.nseindia.com/content/equities/EQUITY_L.csv
WEBELSOLAR,INE855C01023,True,True,EQ,EQUITY,,False,False,2026-08-21,https://nsearchives.nseindia.com/content/equities/EQUITY_L.csv
WEIZMANIND,INE080A01014,True,True,EQ,EQUITY,,False,False,2026-08-21,https://nsearchives.nseindia.com/content/equities/EQUITY_L.csv
WEL,INE02WG01024,True,True,EQ,EQUITY,,False,False,2026-08-21,https://nsearchives.nseindia.com/content/equities/EQUITY_L.csv
WELCORP,INE191B01025,True,True,EQ,EQUITY,,False,False,2026-08-21,https://nsearchives.nseindia.com/content/equities/EQUITY_L.csv
WELENT,INE625G01013,True,True,EQ,EQUITY,,False,False,2026-08-21,https://nsearchives.nseindia.com/content/equities/EQUITY_L.csv
WELSPLSOL,INE731F01037,True,True,EQ,EQUITY,,False,False,2026-08-21,https://nsearchives.nseindia.com/content/equities/EQUITY_L.csv
WELSPUNLIV,INE192B01031,True,True,EQ,EQUITY,,False,False,2026-08-21,https://nsearchives.nseindia.com/content/equities/EQUITY_L.csv
WENDT,INE274C01019,True,True,EQ,EQUITY,,False,False,2026-08-21,https://nsearchives.nseindia.com/content/equities/EQUITY_L.csv
WESTLIFE,INE274F01020,True,True,EQ,EQUITY,,False,False,2026-08-21,https://nsearchives.nseindia.com/content/equities/EQUITY_L.csv
WEWIN,INE082W01014,True,True,EQ,EQUITY,,False,False,2026-08-21,https://nsearchives.nseindia.com/content/equities/EQUITY_L.csv
WEWORK,INE085001019,True,True,EQ,EQUITY,,False,False,2026-08-21,https://nsearchives.nseindia.com/content/equities/EQUITY_L.csv
WHBRADY,INE855A01019,True,True,EQ,EQUITY,,False,False,2026-08-21,https://nsearchives.nseindia.com/content/equities/EQUITY_L.csv
WHEELS,INE715A01015,True,True,EQ,EQUITY,,False,False,2026-08-21,https://nsearchives.nseindia.com/content/equities/EQUITY_L.csv
WHIRLPOOL,INE716A01013,True,True,EQ,EQUITY,,False,False,2026-08-21,https://nsearchives.nseindia.com/content/equities/EQUITY_L.csv
WILLAMAGOR,INE210A01017,True,True,EQ,EQUITY,,False,False,2026-08-21,https://nsearchives.nseindia.com/content/equities/EQUITY_L.csv
WINDLAS,INE0H5O01029,True,True,EQ,EQUITY,,False,False,2026-08-21,https://nsearchives.nseindia.com/content/equities/EQUITY_L.csv
WINDMACHIN,INE052A01021,True,True,EQ,EQUITY,,False,False,2026-08-21,https://nsearchives.nseindia.com/content/equities/EQUITY_L.csv
WIPL,INE215F01023,True,True,EQ,EQUITY,,False,False,2026-08-21,https://nsearchives.nseindia.com/content/equities/EQUITY_L.csv
WIPRO,INE075A01022,True,True,EQ,EQUITY,,False,False,2026-08-21,https://nsearchives.nseindia.com/content/equities/EQUITY_L.csv
WOCKPHARMA,INE049B01025,True,True,EQ,EQUITY,,False,False,2026-08-21,https://nsearchives.nseindia.com/content/equities/EQUITY_L.csv
WONDERLA,INE066O01014,True,True,EQ,EQUITY,,False,False,2026-08-21,https://nsearchives.nseindia.com/content/equities/EQUITY_L.csv
WORTHPERI,INE196Y01018,True,True,EQ,EQUITY,,False,False,2026-08-21,https://nsearchives.nseindia.com/content/equities/EQUITY_L.csv
WPIL,INE765D01022,True,True,EQ,EQUITY,,False,False,2026-08-21,https://nsearchives.nseindia.com/content/equities/EQUITY_L.csv
WSI,INE100D01014,True,True,EQ,EQUITY,,False,False,2026-08-21,https://nsearchives.nseindia.com/content/equities/EQUITY_L.csv
WSTCSTPAPR,INE976A01021,True,True,EQ,EQUITY,,False,False,2026-08-21,https://nsearchives.nseindia.com/content/equities/EQUITY_L.csv
XCHANGING,INE692G01013,True,True,EQ,EQUITY,,False,False,2026-08-21,https://nsearchives.nseindia.com/content/equities/EQUITY_L.csv
XELPMOC,INE01P501012,True,True,EQ,EQUITY,,False,False,2026-08-21,https://nsearchives.nseindia.com/content/equities/EQUITY_L.csv
XPROINDIA,INE445C01015,True,True,EQ,EQUITY,,False,False,2026-08-21,https://nsearchives.nseindia.com/content/equities/EQUITY_L.csv
XTGLOBAL,INE547B01028,True,True,EQ,EQUITY,,False,False,2026-08-21,https://nsearchives.nseindia.com/content/equities/EQUITY_L.csv
XTRANET,INE0NG701011,True,True,EQ,EQUITY,,False,False,2026-08-21,https://nsearchives.nseindia.com/content/equities/EQUITY_L.csv
YASHO,INE616Z01012,True,True,EQ,EQUITY,,False,False,2026-08-21,https://nsearchives.nseindia.com/content/equities/EQUITY_L.csv
YATHARTH,INE0JO301016,True,True,EQ,EQUITY,,False,False,2026-08-21,https://nsearchives.nseindia.com/content/equities/EQUITY_L.csv
YATRA,INE0JR601024,True,True,EQ,EQUITY,,False,False,2026-08-21,https://nsearchives.nseindia.com/content/equities/EQUITY_L.csv
YESBANK,INE528G01035,True,True,EQ,EQUITY,,False,False,2026-08-21,https://nsearchives.nseindia.com/content/equities/EQUITY_L.csv
YOGI,INE290E01011,True,True,EQ,EQUITY,,False,False,2026-08-21,https://nsearchives.nseindia.com/content/equities/EQUITY_L.csv
YUKEN,INE384C01016,True,True,EQ,EQUITY,,False,False,2026-08-21,https://nsearchives.nseindia.com/content/equities/EQUITY_L.csv
ZAGGLE,INE07K301024,True,True,EQ,EQUITY,,False,False,2026-08-21,https://nsearchives.nseindia.com/content/equities/EQUITY_L.csv
ZEEL,INE256A01028,True,True,EQ,EQUITY,,False,False,2026-08-21,https://nsearchives.nseindia.com/content/equities/EQUITY_L.csv
ZEEMEDIA,INE966H01019,True,True,EQ,EQUITY,,False,False,2026-08-21,https://nsearchives.nseindia.com/content/equities/EQUITY_L.csv
ZENITHEXPO,INE058B01018,True,True,EQ,EQUITY,,False,False,2026-08-21,https://nsearchives.nseindia.com/content/equities/EQUITY_L.csv
ZENITHSTL,INE318D01020,True,True,EQ,EQUITY,,False,False,2026-08-21,https://nsearchives.nseindia.com/content/equities/EQUITY_L.csv
ZENSARTECH,INE520A01027,True,True,EQ,EQUITY,,False,False,2026-08-21,https://nsearchives.nseindia.com/content/equities/EQUITY_L.csv
ZENTEC,INE251B01027,True,True,EQ,EQUITY,,False,False,2026-08-21,https://nsearchives.nseindia.com/content/equities/EQUITY_L.csv
ZFCVINDIA,INE342J01019,True,True,EQ,EQUITY,,False,False,2026-08-21,https://nsearchives.nseindia.com/content/equities/EQUITY_L.csv
ZFSTEERING,INE116C01012,True,True,EQ,EQUITY,,False,False,2026-08-21,https://nsearchives.nseindia.com/content/equities/EQUITY_L.csv
ZIMLAB,INE518E01015,True,True,EQ,EQUITY,,False,False,2026-08-21,https://nsearchives.nseindia.com/content/equities/EQUITY_L.csv
ZODIAC,INE761Y01019,True,True,EQ,EQUITY,,False,False,2026-08-21,https://nsearchives.nseindia.com/content/equities/EQUITY_L.csv
ZODIACLOTH,INE206B01013,True,True,EQ,EQUITY,,False,False,2026-08-21,https://nsearchives.nseindia.com/content/equities/EQUITY_L.csv
ZOTA,INE358U01012,True,True,EQ,EQUITY,,False,False,2026-08-21,https://nsearchives.nseindia.com/content/equities/EQUITY_L.csv
ZSARACOM,INE967G01019,True,True,EQ,EQUITY,,False,False,2026-08-21,https://nsearchives.nseindia.com/content/equities/EQUITY_L.csv
ZUARI,INE840M01016,True,True,EQ,EQUITY,,False,False,2026-08-21,https://nsearchives.nseindia.com/content/equities/EQUITY_L.csv
ZUARIIND,INE217A01012,True,True,EQ,EQUITY,,False,False,2026-08-21,https://nsearchives.nseindia.com/content/equities/EQUITY_L.csv
ZYDUSLIFE,INE010B01027,True,True,EQ,EQUITY,,False,False,2026-08-21,https://nsearchives.nseindia.com/content/equities/EQUITY_L.csv
ZYDUSWELL,INE768C01028,True,True,EQ,EQUITY,,False,False,2026-08-21,https://nsearchives.nseindia.com/content/equities/EQUITY_L.csv
